path,category
data\raw\noise\freenoise\127846__garyq__slow-mo_gunshots.wav,impulsive
data\raw\noise\freenoise\165391__shawnyboy__machine-gunshots.wav,impulsive
data\raw\noise\freenoise\165394__shawnyboy__heavy-machine_gunshots.wav,impulsive
data\raw\noise\freenoise\178476__digitaldominic__machinegun_gunshots.wav,impulsive
data\raw\noise\freenoise\180961__kleeb__gunshots.wav,impulsive
data\raw\noise\freenoise\238247__18hiltc__gunshots.wav,impulsive
data\raw\noise\freenoise\244770__syntaxseed__fireworks_gunshots.flac,impulsive
data\raw\noise\freenoise\26141__wim__gunshots.wav,impulsive
data\raw\noise\freenoise\262436__the_sound_side__real_explosions_real_gunshots.wav,impulsive
data\raw\noise\freenoise\36815__watupgroupie__gunshots.wav,impulsive
data\raw\noise\freenoise\36815__watupgroupie__gunshots_2.wav,impulsive
data\raw\noise\freenoise\415912__okieactor__heathers_gunshots_effect2.wav,impulsive
data\raw\noise\freenoise\417691__superphat__huge_explosions_in-distance.wav,impulsive
data\raw\noise\freenoise\500795__bratish__big_explosions.wav,impulsive
data\raw\noise\freenoise\516914__kinoton__explosions_medium-blast.wav,impulsive
data\raw\noise\freenoise\520747__nathanchurchyard__lmg_gunshots.wav,impulsive
data\raw\noise\freenoise\546910__angelmourvaldi__gunshots.wav,impulsive
data\raw\noise\freenoise\556944__eminyildirim__explosions.wav,impulsive
data\raw\noise\freenoise\562309__grimmreapersounds__ground-zero-battlegrounds_gunshots.wav,impulsive
data\raw\noise\freenoise\563010__florianreichelt__explosions.wav,impulsive
data\raw\noise\freenoise\568140__zerono1__explosions_detonation.wav,impulsive
data\raw\noise\freenoise\571272__princeofworms__two_gunshots_one-body-falling-outside.wav,impulsive
data\raw\noise\freenoise\650643__greenbird11__gunshots.wav,impulsive
data\raw\noise\freenoise\678527__jd_brick_productions__gunshots_rifle.wav,impulsive
data\raw\noise\freenoise\718948__tb0y298__gunshots.wav,impulsive
data\raw\noise\freenoise\728763__techspiredminds__explosions.wav,impulsive
data\raw\noise\freenoise\737321__modusmogulus__pipe-bomb_explosions.wav,impulsive
data\raw\noise\freenoise\737326__modusmogulus__flashbang_explosions.wav,impulsive
data\raw\noise\freenoise\750952__iainmccurdy__explosions_synthesised.wav,impulsive
data\raw\noise\freenoise\752630__modusmogulus__explosions_and-schrapnel-fly-by.wav,impulsive
data\raw\noise\freenoise\833318__malikarsyasakani__homemade-gunshots-01.wav,impulsive
data\raw\noise\freenoise\any_gunshots.wav,impulsive
data\raw\noise\esc50\ESC-50-master\audio\1-100032-A-0.wav,unknown
data\raw\noise\esc50\ESC-50-master\audio\1-100038-A-14.wav,unknown
data\raw\noise\esc50\ESC-50-master\audio\1-100210-A-36.wav,unknown
data\raw\noise\esc50\ESC-50-master\audio\1-100210-B-36.wav,unknown
data\raw\noise\esc50\ESC-50-master\audio\1-101296-A-19.wav,non_stationary
data\raw\noise\esc50\ESC-50-master\audio\1-101296-B-19.wav,non_stationary
data\raw\noise\esc50\ESC-50-master\audio\1-101336-A-30.wav,impulsive
data\raw\noise\esc50\ESC-50-master\audio\1-101404-A-34.wav,unknown
data\raw\noise\esc50\ESC-50-master\audio\1-103298-A-9.wav,unknown
data\raw\noise\esc50\ESC-50-master\audio\1-103995-A-30.wav,impulsive
data\raw\noise\esc50\ESC-50-master\audio\1-103999-A-30.wav,impulsive
data\raw\noise\esc50\ESC-50-master\audio\1-104089-A-22.wav,unknown
data\raw\noise\esc50\ESC-50-master\audio\1-104089-B-22.wav,unknown
data\raw\noise\esc50\ESC-50-master\audio\1-105224-A-22.wav,unknown
data\raw\noise\esc50\ESC-50-master\audio\1-110389-A-0.wav,unknown
data\raw\noise\esc50\ESC-50-master\audio\1-110537-A-22.wav,unknown
data\raw\noise\esc50\ESC-50-master\audio\1-115521-A-19.wav,non_stationary
data\raw\noise\esc50\ESC-50-master\audio\1-115545-A-48.wav,impulsive
data\raw\noise\esc50\ESC-50-master\audio\1-115545-B-48.wav,impulsive
data\raw\noise\esc50\ESC-50-master\audio\1-115545-C-48.wav,impulsive
data\raw\noise\esc50\ESC-50-master\audio\1-115546-A-48.wav,impulsive
data\raw\noise\esc50\ESC-50-master\audio\1-115920-A-22.wav,unknown
data\raw\noise\esc50\ESC-50-master\audio\1-115920-B-22.wav,unknown
data\raw\noise\esc50\ESC-50-master\audio\1-115921-A-22.wav,unknown
data\raw\noise\esc50\ESC-50-master\audio\1-116765-A-41.wav,unknown
data\raw\noise\esc50\ESC-50-master\audio\1-11687-A-47.wav,stationary
data\raw\noise\esc50\ESC-50-master\audio\1-118206-A-31.wav,unknown
data\raw\noise\esc50\ESC-50-master\audio\1-118559-A-17.wav,non_stationary
data\raw\noise\esc50\ESC-50-master\audio\1-119125-A-45.wav,stationary
data\raw\noise\esc50\ESC-50-master\audio\1-121951-A-8.wav,unknown
data\raw\noise\esc50\ESC-50-master\audio\1-12653-A-15.wav,unknown
data\raw\noise\esc50\ESC-50-master\audio\1-12654-A-15.wav,unknown
data\raw\noise\esc50\ESC-50-master\audio\1-12654-B-15.wav,unknown
data\raw\noise\esc50\ESC-50-master\audio\1-13571-A-46.wav,unknown
data\raw\noise\esc50\ESC-50-master\audio\1-13572-A-46.wav,unknown
data\raw\noise\esc50\ESC-50-master\audio\1-13613-A-37.wav,unknown
data\raw\noise\esc50\ESC-50-master\audio\1-137-A-32.wav,unknown
data\raw\noise\esc50\ESC-50-master\audio\1-137296-A-16.wav,non_stationary
data\raw\noise\esc50\ESC-50-master\audio\1-14262-A-37.wav,unknown
data\raw\noise\esc50\ESC-50-master\audio\1-155858-A-25.wav,non_stationary
data\raw\noise\esc50\ESC-50-master\audio\1-155858-B-25.wav,non_stationary
data\raw\noise\esc50\ESC-50-master\audio\1-155858-C-25.wav,non_stationary
data\raw\noise\esc50\ESC-50-master\audio\1-155858-D-25.wav,non_stationary
data\raw\noise\esc50\ESC-50-master\audio\1-155858-E-25.wav,non_stationary
data\raw\noise\esc50\ESC-50-master\audio\1-155858-F-25.wav,non_stationary
data\raw\noise\esc50\ESC-50-master\audio\1-15689-A-4.wav,unknown
data\raw\noise\esc50\ESC-50-master\audio\1-15689-B-4.wav,unknown
data\raw\noise\esc50\ESC-50-master\audio\1-160563-A-48.wav,impulsive
data\raw\noise\esc50\ESC-50-master\audio\1-160563-B-48.wav,impulsive
data\raw\noise\esc50\ESC-50-master\audio\1-16568-A-3.wav,unknown
data\raw\noise\esc50\ESC-50-master\audio\1-16746-A-15.wav,unknown
data\raw\noise\esc50\ESC-50-master\audio\1-17092-A-27.wav,unknown
data\raw\noise\esc50\ESC-50-master\audio\1-17092-B-27.wav,unknown
data\raw\noise\esc50\ESC-50-master\audio\1-17124-A-43.wav,impulsive
data\raw\noise\esc50\ESC-50-master\audio\1-17150-A-12.wav,non_stationary
data\raw\noise\esc50\ESC-50-master\audio\1-172649-A-40.wav,non_stationary
data\raw\noise\esc50\ESC-50-master\audio\1-172649-B-40.wav,non_stationary
data\raw\noise\esc50\ESC-50-master\audio\1-172649-C-40.wav,non_stationary
data\raw\noise\esc50\ESC-50-master\audio\1-172649-D-40.wav,non_stationary
data\raw\noise\esc50\ESC-50-master\audio\1-172649-E-40.wav,non_stationary
data\raw\noise\esc50\ESC-50-master\audio\1-172649-F-40.wav,non_stationary
data\raw\noise\esc50\ESC-50-master\audio\1-17295-A-29.wav,unknown
data\raw\noise\esc50\ESC-50-master\audio\1-17367-A-10.wav,non_stationary
data\raw\noise\esc50\ESC-50-master\audio\1-17565-A-12.wav,non_stationary
data\raw\noise\esc50\ESC-50-master\audio\1-17585-A-7.wav,unknown
data\raw\noise\esc50\ESC-50-master\audio\1-17742-A-12.wav,non_stationary
data\raw\noise\esc50\ESC-50-master\audio\1-17808-A-12.wav,non_stationary
data\raw\noise\esc50\ESC-50-master\audio\1-17808-B-12.wav,non_stationary
data\raw\noise\esc50\ESC-50-master\audio\1-1791-A-26.wav,unknown
data\raw\noise\esc50\ESC-50-master\audio\1-17970-A-4.wav,unknown
data\raw\noise\esc50\ESC-50-master\audio\1-18074-A-6.wav,unknown
data\raw\noise\esc50\ESC-50-master\audio\1-18074-B-6.wav,unknown
data\raw\noise\esc50\ESC-50-master\audio\1-181071-A-40.wav,non_stationary
data\raw\noise\esc50\ESC-50-master\audio\1-181071-B-40.wav,non_stationary
data\raw\noise\esc50\ESC-50-master\audio\1-18527-A-44.wav,stationary
data\raw\noise\esc50\ESC-50-master\audio\1-18527-B-44.wav,stationary
data\raw\noise\esc50\ESC-50-master\audio\1-18631-A-23.wav,non_stationary
data\raw\noise\esc50\ESC-50-master\audio\1-18655-A-31.wav,unknown
data\raw\noise\esc50\ESC-50-master\audio\1-187207-A-20.wav,unknown
data\raw\noise\esc50\ESC-50-master\audio\1-18755-A-4.wav,unknown
data\raw\noise\esc50\ESC-50-master\audio\1-18755-B-4.wav,unknown
data\raw\noise\esc50\ESC-50-master\audio\1-18757-A-4.wav,unknown
data\raw\noise\esc50\ESC-50-master\audio\1-18810-A-49.wav,unknown
data\raw\noise\esc50\ESC-50-master\audio\1-19026-A-43.wav,impulsive
data\raw\noise\esc50\ESC-50-master\audio\1-19111-A-24.wav,non_stationary
data\raw\noise\esc50\ESC-50-master\audio\1-19118-A-24.wav,non_stationary
data\raw\noise\esc50\ESC-50-master\audio\1-19501-A-7.wav,unknown
data\raw\noise\esc50\ESC-50-master\audio\1-196660-A-8.wav,unknown
data\raw\noise\esc50\ESC-50-master\audio\1-196660-B-8.wav,unknown
data\raw\noise\esc50\ESC-50-master\audio\1-19840-A-36.wav,unknown
data\raw\noise\esc50\ESC-50-master\audio\1-19872-A-36.wav,unknown
data\raw\noise\esc50\ESC-50-master\audio\1-19872-B-36.wav,unknown
data\raw\noise\esc50\ESC-50-master\audio\1-19898-A-41.wav,unknown
data\raw\noise\esc50\ESC-50-master\audio\1-19898-B-41.wav,unknown
data\raw\noise\esc50\ESC-50-master\audio\1-19898-C-41.wav,unknown
data\raw\noise\esc50\ESC-50-master\audio\1-20133-A-39.wav,impulsive
data\raw\noise\esc50\ESC-50-master\audio\1-202111-A-3.wav,unknown
data\raw\noise\esc50\ESC-50-master\audio\1-20545-A-28.wav,unknown
data\raw\noise\esc50\ESC-50-master\audio\1-20736-A-18.wav,unknown
data\raw\noise\esc50\ESC-50-master\audio\1-208757-A-2.wav,unknown
data\raw\noise\esc50\ESC-50-master\audio\1-208757-B-2.wav,unknown
data\raw\noise\esc50\ESC-50-master\audio\1-208757-C-2.wav,unknown
data\raw\noise\esc50\ESC-50-master\audio\1-208757-D-2.wav,unknown
data\raw\noise\esc50\ESC-50-master\audio\1-208757-E-2.wav,unknown
data\raw\noise\esc50\ESC-50-master\audio\1-211527-A-20.wav,unknown
data\raw\noise\esc50\ESC-50-master\audio\1-211527-B-20.wav,unknown
data\raw\noise\esc50\ESC-50-master\audio\1-211527-C-20.wav,unknown
data\raw\noise\esc50\ESC-50-master\audio\1-21189-A-10.wav,non_stationary
data\raw\noise\esc50\ESC-50-master\audio\1-21421-A-46.wav,unknown
data\raw\noise\esc50\ESC-50-master\audio\1-21896-A-35.wav,unknown
data\raw\noise\esc50\ESC-50-master\audio\1-21934-A-38.wav,unknown
data\raw\noise\esc50\ESC-50-master\audio\1-21935-A-38.wav,unknown
data\raw\noise\esc50\ESC-50-master\audio\1-223162-A-25.wav,non_stationary
data\raw\noise\esc50\ESC-50-master\audio\1-22694-A-20.wav,unknown
data\raw\noise\esc50\ESC-50-master\audio\1-22694-B-20.wav,unknown
data\raw\noise\esc50\ESC-50-master\audio\1-22804-A-46.wav,unknown
data\raw\noise\esc50\ESC-50-master\audio\1-22882-A-44.wav,stationary
data\raw\noise\esc50\ESC-50-master\audio\1-23094-A-15.wav,unknown
data\raw\noise\esc50\ESC-50-master\audio\1-23094-B-15.wav,unknown
data\raw\noise\esc50\ESC-50-master\audio\1-23222-A-19.wav,non_stationary
data\raw\noise\esc50\ESC-50-master\audio\1-23222-B-19.wav,non_stationary
data\raw\noise\esc50\ESC-50-master\audio\1-23706-A-49.wav,unknown
data\raw\noise\esc50\ESC-50-master\audio\1-23996-A-35.wav,unknown
data\raw\noise\esc50\ESC-50-master\audio\1-23996-B-35.wav,unknown
data\raw\noise\esc50\ESC-50-master\audio\1-24074-A-43.wav,impulsive
data\raw\noise\esc50\ESC-50-master\audio\1-24076-A-43.wav,impulsive
data\raw\noise\esc50\ESC-50-master\audio\1-24524-A-19.wav,non_stationary
data\raw\noise\esc50\ESC-50-master\audio\1-24524-B-19.wav,non_stationary
data\raw\noise\esc50\ESC-50-master\audio\1-24524-C-19.wav,non_stationary
data\raw\noise\esc50\ESC-50-master\audio\1-24796-A-47.wav,stationary
data\raw\noise\esc50\ESC-50-master\audio\1-254507-A-43.wav,impulsive
data\raw\noise\esc50\ESC-50-master\audio\1-25777-A-48.wav,impulsive
data\raw\noise\esc50\ESC-50-master\audio\1-25781-A-48.wav,impulsive
data\raw\noise\esc50\ESC-50-master\audio\1-260640-A-2.wav,unknown
data\raw\noise\esc50\ESC-50-master\audio\1-260640-B-2.wav,unknown
data\raw\noise\esc50\ESC-50-master\audio\1-260640-C-2.wav,unknown
data\raw\noise\esc50\ESC-50-master\audio\1-26143-A-21.wav,unknown
data\raw\noise\esc50\ESC-50-master\audio\1-26176-A-43.wav,impulsive
data\raw\noise\esc50\ESC-50-master\audio\1-26177-A-43.wav,impulsive
data\raw\noise\esc50\ESC-50-master\audio\1-26188-A-30.wav,impulsive
data\raw\noise\esc50\ESC-50-master\audio\1-26222-A-10.wav,non_stationary
data\raw\noise\esc50\ESC-50-master\audio\1-26806-A-1.wav,unknown
data\raw\noise\esc50\ESC-50-master\audio\1-27165-A-35.wav,unknown
data\raw\noise\esc50\ESC-50-master\audio\1-27166-A-35.wav,unknown
data\raw\noise\esc50\ESC-50-master\audio\1-27403-A-28.wav,unknown
data\raw\noise\esc50\ESC-50-master\audio\1-27405-A-28.wav,unknown
data\raw\noise\esc50\ESC-50-master\audio\1-27724-A-1.wav,unknown
data\raw\noise\esc50\ESC-50-master\audio\1-28005-A-18.wav,unknown
data\raw\noise\esc50\ESC-50-master\audio\1-28135-A-11.wav,unknown
data\raw\noise\esc50\ESC-50-master\audio\1-28135-B-11.wav,unknown
data\raw\noise\esc50\ESC-50-master\audio\1-28808-A-43.wav,impulsive
data\raw\noise\esc50\ESC-50-master\audio\1-29532-A-16.wav,non_stationary
data\raw\noise\esc50\ESC-50-master\audio\1-29561-A-10.wav,non_stationary
data\raw\noise\esc50\ESC-50-master\audio\1-29680-A-21.wav,unknown
data\raw\noise\esc50\ESC-50-master\audio\1-30039-A-26.wav,unknown
data\raw\noise\esc50\ESC-50-master\audio\1-30043-A-26.wav,unknown
data\raw\noise\esc50\ESC-50-master\audio\1-30214-A-18.wav,unknown
data\raw\noise\esc50\ESC-50-master\audio\1-30226-A-0.wav,unknown
data\raw\noise\esc50\ESC-50-master\audio\1-30344-A-0.wav,unknown
data\raw\noise\esc50\ESC-50-master\audio\1-30709-A-23.wav,non_stationary
data\raw\noise\esc50\ESC-50-master\audio\1-30709-B-23.wav,non_stationary
data\raw\noise\esc50\ESC-50-master\audio\1-30709-C-23.wav,non_stationary
data\raw\noise\esc50\ESC-50-master\audio\1-30830-A-24.wav,non_stationary
data\raw\noise\esc50\ESC-50-master\audio\1-31251-A-6.wav,unknown
data\raw\noise\esc50\ESC-50-master\audio\1-31251-B-6.wav,unknown
data\raw\noise\esc50\ESC-50-master\audio\1-31482-A-42.wav,stationary
data\raw\noise\esc50\ESC-50-master\audio\1-31482-B-42.wav,stationary
data\raw\noise\esc50\ESC-50-master\audio\1-31748-A-21.wav,unknown
data\raw\noise\esc50\ESC-50-master\audio\1-31836-A-4.wav,unknown
data\raw\noise\esc50\ESC-50-master\audio\1-31836-B-4.wav,unknown
data\raw\noise\esc50\ESC-50-master\audio\1-32318-A-0.wav,unknown
data\raw\noise\esc50\ESC-50-master\audio\1-32373-A-35.wav,unknown
data\raw\noise\esc50\ESC-50-master\audio\1-32373-B-35.wav,unknown
data\raw\noise\esc50\ESC-50-master\audio\1-32579-A-29.wav,unknown
data\raw\noise\esc50\ESC-50-master\audio\1-33658-A-26.wav,unknown
data\raw\noise\esc50\ESC-50-master\audio\1-34094-A-5.wav,unknown
data\raw\noise\esc50\ESC-50-master\audio\1-34094-B-5.wav,unknown
data\raw\noise\esc50\ESC-50-master\audio\1-34119-A-1.wav,unknown
data\raw\noise\esc50\ESC-50-master\audio\1-34119-B-1.wav,unknown
data\raw\noise\esc50\ESC-50-master\audio\1-34495-A-14.wav,unknown
data\raw\noise\esc50\ESC-50-master\audio\1-34497-A-14.wav,unknown
data\raw\noise\esc50\ESC-50-master\audio\1-34853-A-37.wav,unknown
data\raw\noise\esc50\ESC-50-master\audio\1-35687-A-38.wav,unknown
data\raw\noise\esc50\ESC-50-master\audio\1-36164-A-26.wav,unknown
data\raw\noise\esc50\ESC-50-master\audio\1-36164-B-26.wav,unknown
data\raw\noise\esc50\ESC-50-master\audio\1-36393-A-23.wav,non_stationary
data\raw\noise\esc50\ESC-50-master\audio\1-36397-A-23.wav,non_stationary
data\raw\noise\esc50\ESC-50-master\audio\1-36400-A-23.wav,non_stationary
data\raw\noise\esc50\ESC-50-master\audio\1-36402-A-23.wav,non_stationary
data\raw\noise\esc50\ESC-50-master\audio\1-36929-A-47.wav,stationary
data\raw\noise\esc50\ESC-50-master\audio\1-37226-A-29.wav,unknown
data\raw\noise\esc50\ESC-50-master\audio\1-38559-A-14.wav,unknown
data\raw\noise\esc50\ESC-50-master\audio\1-38560-A-14.wav,unknown
data\raw\noise\esc50\ESC-50-master\audio\1-39835-A-9.wav,unknown
data\raw\noise\esc50\ESC-50-master\audio\1-39835-B-9.wav,unknown
data\raw\noise\esc50\ESC-50-master\audio\1-39901-A-11.wav,unknown
data\raw\noise\esc50\ESC-50-master\audio\1-39901-B-11.wav,unknown
data\raw\noise\esc50\ESC-50-master\audio\1-39923-A-1.wav,unknown
data\raw\noise\esc50\ESC-50-master\audio\1-39937-A-28.wav,unknown
data\raw\noise\esc50\ESC-50-master\audio\1-40154-A-46.wav,unknown
data\raw\noise\esc50\ESC-50-master\audio\1-40621-A-28.wav,unknown
data\raw\noise\esc50\ESC-50-master\audio\1-40730-A-1.wav,unknown
data\raw\noise\esc50\ESC-50-master\audio\1-40967-A-28.wav,unknown
data\raw\noise\esc50\ESC-50-master\audio\1-41615-A-34.wav,unknown
data\raw\noise\esc50\ESC-50-master\audio\1-4211-A-12.wav,non_stationary
data\raw\noise\esc50\ESC-50-master\audio\1-42139-A-38.wav,unknown
data\raw\noise\esc50\ESC-50-master\audio\1-43382-A-1.wav,unknown
data\raw\noise\esc50\ESC-50-master\audio\1-43760-A-11.wav,unknown
data\raw\noise\esc50\ESC-50-master\audio\1-43764-A-34.wav,unknown
data\raw\noise\esc50\ESC-50-master\audio\1-43807-A-47.wav,stationary
data\raw\noise\esc50\ESC-50-master\audio\1-43807-B-47.wav,stationary
data\raw\noise\esc50\ESC-50-master\audio\1-43807-C-47.wav,stationary
data\raw\noise\esc50\ESC-50-master\audio\1-43807-D-47.wav,stationary
data\raw\noise\esc50\ESC-50-master\audio\1-44831-A-1.wav,unknown
data\raw\noise\esc50\ESC-50-master\audio\1-45641-A-27.wav,unknown
data\raw\noise\esc50\ESC-50-master\audio\1-45645-A-31.wav,unknown
data\raw\noise\esc50\ESC-50-master\audio\1-46040-A-14.wav,unknown
data\raw\noise\esc50\ESC-50-master\audio\1-46272-A-12.wav,non_stationary
data\raw\noise\esc50\ESC-50-master\audio\1-46274-A-18.wav,unknown
data\raw\noise\esc50\ESC-50-master\audio\1-46353-A-49.wav,unknown
data\raw\noise\esc50\ESC-50-master\audio\1-46744-A-36.wav,unknown
data\raw\noise\esc50\ESC-50-master\audio\1-46938-A-7.wav,unknown
data\raw\noise\esc50\ESC-50-master\audio\1-46938-B-7.wav,unknown
data\raw\noise\esc50\ESC-50-master\audio\1-47250-A-41.wav,unknown
data\raw\noise\esc50\ESC-50-master\audio\1-47250-B-41.wav,unknown
data\raw\noise\esc50\ESC-50-master\audio\1-47273-A-21.wav,unknown
data\raw\noise\esc50\ESC-50-master\audio\1-47274-A-21.wav,unknown
data\raw\noise\esc50\ESC-50-master\audio\1-47709-A-16.wav,non_stationary
data\raw\noise\esc50\ESC-50-master\audio\1-47714-A-16.wav,non_stationary
data\raw\noise\esc50\ESC-50-master\audio\1-47819-A-5.wav,unknown
data\raw\noise\esc50\ESC-50-master\audio\1-47819-B-5.wav,unknown
data\raw\noise\esc50\ESC-50-master\audio\1-47819-C-5.wav,unknown
data\raw\noise\esc50\ESC-50-master\audio\1-47923-A-28.wav,unknown
data\raw\noise\esc50\ESC-50-master\audio\1-48298-A-46.wav,unknown
data\raw\noise\esc50\ESC-50-master\audio\1-48413-A-38.wav,unknown
data\raw\noise\esc50\ESC-50-master\audio\1-49098-A-35.wav,unknown
data\raw\noise\esc50\ESC-50-master\audio\1-49409-A-8.wav,unknown
data\raw\noise\esc50\ESC-50-master\audio\1-49409-B-8.wav,unknown
data\raw\noise\esc50\ESC-50-master\audio\1-50060-A-10.wav,non_stationary
data\raw\noise\esc50\ESC-50-master\audio\1-50454-A-44.wav,stationary
data\raw\noise\esc50\ESC-50-master\audio\1-50455-A-44.wav,stationary
data\raw\noise\esc50\ESC-50-master\audio\1-50623-A-15.wav,unknown
data\raw\noise\esc50\ESC-50-master\audio\1-50625-A-17.wav,non_stationary
data\raw\noise\esc50\ESC-50-master\audio\1-50661-A-44.wav,stationary
data\raw\noise\esc50\ESC-50-master\audio\1-50688-A-17.wav,non_stationary
data\raw\noise\esc50\ESC-50-master\audio\1-51035-A-16.wav,non_stationary
data\raw\noise\esc50\ESC-50-master\audio\1-51036-A-16.wav,non_stationary
data\raw\noise\esc50\ESC-50-master\audio\1-51037-A-16.wav,non_stationary
data\raw\noise\esc50\ESC-50-master\audio\1-51147-A-25.wav,non_stationary
data\raw\noise\esc50\ESC-50-master\audio\1-51170-A-18.wav,unknown
data\raw\noise\esc50\ESC-50-master\audio\1-51433-A-17.wav,non_stationary
data\raw\noise\esc50\ESC-50-master\audio\1-51436-A-17.wav,non_stationary
data\raw\noise\esc50\ESC-50-master\audio\1-51805-A-33.wav,non_stationary
data\raw\noise\esc50\ESC-50-master\audio\1-51805-B-33.wav,non_stationary
data\raw\noise\esc50\ESC-50-master\audio\1-51805-C-33.wav,non_stationary
data\raw\noise\esc50\ESC-50-master\audio\1-51805-D-33.wav,non_stationary
data\raw\noise\esc50\ESC-50-master\audio\1-51805-E-33.wav,non_stationary
data\raw\noise\esc50\ESC-50-master\audio\1-51805-F-33.wav,non_stationary
data\raw\noise\esc50\ESC-50-master\audio\1-51805-G-33.wav,non_stationary
data\raw\noise\esc50\ESC-50-master\audio\1-51805-H-33.wav,non_stationary
data\raw\noise\esc50\ESC-50-master\audio\1-52266-A-24.wav,non_stationary
data\raw\noise\esc50\ESC-50-master\audio\1-52290-A-30.wav,impulsive
data\raw\noise\esc50\ESC-50-master\audio\1-52323-A-24.wav,non_stationary
data\raw\noise\esc50\ESC-50-master\audio\1-53444-A-28.wav,unknown
data\raw\noise\esc50\ESC-50-master\audio\1-53467-A-47.wav,stationary
data\raw\noise\esc50\ESC-50-master\audio\1-53501-A-32.wav,unknown
data\raw\noise\esc50\ESC-50-master\audio\1-53663-A-24.wav,non_stationary
data\raw\noise\esc50\ESC-50-master\audio\1-53670-A-18.wav,unknown
data\raw\noise\esc50\ESC-50-master\audio\1-54065-A-45.wav,stationary
data\raw\noise\esc50\ESC-50-master\audio\1-54065-B-45.wav,stationary
data\raw\noise\esc50\ESC-50-master\audio\1-54084-A-42.wav,stationary
data\raw\noise\esc50\ESC-50-master\audio\1-54505-A-21.wav,unknown
data\raw\noise\esc50\ESC-50-master\audio\1-54747-A-46.wav,unknown
data\raw\noise\esc50\ESC-50-master\audio\1-54752-A-18.wav,unknown
data\raw\noise\esc50\ESC-50-master\audio\1-54918-A-14.wav,unknown
data\raw\noise\esc50\ESC-50-master\audio\1-54918-B-14.wav,unknown
data\raw\noise\esc50\ESC-50-master\audio\1-54958-A-10.wav,non_stationary
data\raw\noise\esc50\ESC-50-master\audio\1-56233-A-9.wav,unknown
data\raw\noise\esc50\ESC-50-master\audio\1-56234-A-9.wav,unknown
data\raw\noise\esc50\ESC-50-master\audio\1-56269-A-18.wav,unknown
data\raw\noise\esc50\ESC-50-master\audio\1-56270-A-29.wav,unknown
data\raw\noise\esc50\ESC-50-master\audio\1-56311-A-10.wav,non_stationary
data\raw\noise\esc50\ESC-50-master\audio\1-56380-A-5.wav,unknown
data\raw\noise\esc50\ESC-50-master\audio\1-56380-B-5.wav,unknown
data\raw\noise\esc50\ESC-50-master\audio\1-56907-A-46.wav,unknown
data\raw\noise\esc50\ESC-50-master\audio\1-57163-A-38.wav,unknown
data\raw\noise\esc50\ESC-50-master\audio\1-57316-A-13.wav,unknown
data\raw\noise\esc50\ESC-50-master\audio\1-57318-A-13.wav,unknown
data\raw\noise\esc50\ESC-50-master\audio\1-57795-A-8.wav,unknown
data\raw\noise\esc50\ESC-50-master\audio\1-58277-A-3.wav,unknown
data\raw\noise\esc50\ESC-50-master\audio\1-58792-A-24.wav,non_stationary
data\raw\noise\esc50\ESC-50-master\audio\1-58846-A-34.wav,unknown
data\raw\noise\esc50\ESC-50-master\audio\1-58923-A-27.wav,unknown
data\raw\noise\esc50\ESC-50-master\audio\1-58923-B-27.wav,unknown
data\raw\noise\esc50\ESC-50-master\audio\1-59102-A-13.wav,unknown
data\raw\noise\esc50\ESC-50-master\audio\1-59324-A-21.wav,unknown
data\raw\noise\esc50\ESC-50-master\audio\1-59513-A-0.wav,unknown
data\raw\noise\esc50\ESC-50-master\audio\1-5996-A-6.wav,unknown
data\raw\noise\esc50\ESC-50-master\audio\1-60460-A-36.wav,unknown
data\raw\noise\esc50\ESC-50-master\audio\1-60676-A-34.wav,unknown
data\raw\noise\esc50\ESC-50-master\audio\1-60997-A-20.wav,unknown
data\raw\noise\esc50\ESC-50-master\audio\1-60997-B-20.wav,unknown
data\raw\noise\esc50\ESC-50-master\audio\1-61212-A-32.wav,unknown
data\raw\noise\esc50\ESC-50-master\audio\1-61221-A-17.wav,non_stationary
data\raw\noise\esc50\ESC-50-master\audio\1-61252-A-11.wav,unknown
data\raw\noise\esc50\ESC-50-master\audio\1-61261-A-44.wav,stationary
data\raw\noise\esc50\ESC-50-master\audio\1-61534-A-27.wav,unknown
data\raw\noise\esc50\ESC-50-master\audio\1-62509-A-45.wav,stationary
data\raw\noise\esc50\ESC-50-master\audio\1-62565-A-44.wav,stationary
data\raw\noise\esc50\ESC-50-master\audio\1-62594-A-32.wav,unknown
data\raw\noise\esc50\ESC-50-master\audio\1-62849-A-38.wav,unknown
data\raw\noise\esc50\ESC-50-master\audio\1-62850-A-38.wav,unknown
data\raw\noise\esc50\ESC-50-master\audio\1-63679-A-24.wav,non_stationary
data\raw\noise\esc50\ESC-50-master\audio\1-63871-A-10.wav,non_stationary
data\raw\noise\esc50\ESC-50-master\audio\1-64398-A-41.wav,unknown
data\raw\noise\esc50\ESC-50-master\audio\1-64398-B-41.wav,unknown
data\raw\noise\esc50\ESC-50-master\audio\1-64473-A-45.wav,stationary
data\raw\noise\esc50\ESC-50-master\audio\1-65483-A-13.wav,unknown
data\raw\noise\esc50\ESC-50-master\audio\1-67033-A-37.wav,unknown
data\raw\noise\esc50\ESC-50-master\audio\1-67152-A-17.wav,non_stationary
data\raw\noise\esc50\ESC-50-master\audio\1-67230-A-29.wav,unknown
data\raw\noise\esc50\ESC-50-master\audio\1-67432-A-27.wav,unknown
data\raw\noise\esc50\ESC-50-master\audio\1-68628-A-27.wav,unknown
data\raw\noise\esc50\ESC-50-master\audio\1-68670-A-34.wav,unknown
data\raw\noise\esc50\ESC-50-master\audio\1-68734-A-34.wav,unknown
data\raw\noise\esc50\ESC-50-master\audio\1-69165-A-34.wav,unknown
data\raw\noise\esc50\ESC-50-master\audio\1-69422-A-3.wav,unknown
data\raw\noise\esc50\ESC-50-master\audio\1-69641-A-3.wav,unknown
data\raw\noise\esc50\ESC-50-master\audio\1-69760-A-16.wav,non_stationary
data\raw\noise\esc50\ESC-50-master\audio\1-70300-A-45.wav,stationary
data\raw\noise\esc50\ESC-50-master\audio\1-7057-A-12.wav,non_stationary
data\raw\noise\esc50\ESC-50-master\audio\1-71030-A-6.wav,unknown
data\raw\noise\esc50\ESC-50-master\audio\1-72195-A-37.wav,unknown
data\raw\noise\esc50\ESC-50-master\audio\1-72195-B-37.wav,unknown
data\raw\noise\esc50\ESC-50-master\audio\1-72229-A-6.wav,unknown
data\raw\noise\esc50\ESC-50-master\audio\1-72229-B-6.wav,unknown
data\raw\noise\esc50\ESC-50-master\audio\1-72695-A-26.wav,unknown
data\raw\noise\esc50\ESC-50-master\audio\1-73123-A-26.wav,unknown
data\raw\noise\esc50\ESC-50-master\audio\1-73585-A-7.wav,unknown
data\raw\noise\esc50\ESC-50-master\audio\1-74517-A-37.wav,unknown
data\raw\noise\esc50\ESC-50-master\audio\1-7456-A-13.wav,unknown
data\raw\noise\esc50\ESC-50-master\audio\1-75162-A-9.wav,unknown
data\raw\noise\esc50\ESC-50-master\audio\1-75189-A-7.wav,unknown
data\raw\noise\esc50\ESC-50-master\audio\1-75190-A-8.wav,unknown
data\raw\noise\esc50\ESC-50-master\audio\1-76831-A-42.wav,stationary
data\raw\noise\esc50\ESC-50-master\audio\1-76831-B-42.wav,stationary
data\raw\noise\esc50\ESC-50-master\audio\1-76831-C-42.wav,stationary
data\raw\noise\esc50\ESC-50-master\audio\1-76831-D-42.wav,stationary
data\raw\noise\esc50\ESC-50-master\audio\1-76831-E-42.wav,stationary
data\raw\noise\esc50\ESC-50-master\audio\1-77160-A-3.wav,unknown
data\raw\noise\esc50\ESC-50-master\audio\1-77241-A-3.wav,unknown
data\raw\noise\esc50\ESC-50-master\audio\1-79113-A-5.wav,unknown
data\raw\noise\esc50\ESC-50-master\audio\1-79146-A-29.wav,unknown
data\raw\noise\esc50\ESC-50-master\audio\1-79220-A-17.wav,non_stationary
data\raw\noise\esc50\ESC-50-master\audio\1-79236-A-36.wav,unknown
data\raw\noise\esc50\ESC-50-master\audio\1-79711-A-32.wav,unknown
data\raw\noise\esc50\ESC-50-master\audio\1-7973-A-7.wav,unknown
data\raw\noise\esc50\ESC-50-master\audio\1-7974-A-49.wav,unknown
data\raw\noise\esc50\ESC-50-master\audio\1-7974-B-49.wav,unknown
data\raw\noise\esc50\ESC-50-master\audio\1-80785-A-7.wav,unknown
data\raw\noise\esc50\ESC-50-master\audio\1-80840-A-13.wav,unknown
data\raw\noise\esc50\ESC-50-master\audio\1-80841-A-13.wav,unknown
data\raw\noise\esc50\ESC-50-master\audio\1-81001-A-30.wav,impulsive
data\raw\noise\esc50\ESC-50-master\audio\1-81001-B-30.wav,impulsive
data\raw\noise\esc50\ESC-50-master\audio\1-81269-A-3.wav,unknown
data\raw\noise\esc50\ESC-50-master\audio\1-81851-A-31.wav,unknown
data\raw\noise\esc50\ESC-50-master\audio\1-81883-A-21.wav,unknown
data\raw\noise\esc50\ESC-50-master\audio\1-82817-A-30.wav,impulsive
data\raw\noise\esc50\ESC-50-master\audio\1-84393-A-32.wav,unknown
data\raw\noise\esc50\ESC-50-master\audio\1-84536-A-39.wav,impulsive
data\raw\noise\esc50\ESC-50-master\audio\1-84704-A-39.wav,impulsive
data\raw\noise\esc50\ESC-50-master\audio\1-84705-A-39.wav,impulsive
data\raw\noise\esc50\ESC-50-master\audio\1-85123-A-31.wav,unknown
data\raw\noise\esc50\ESC-50-master\audio\1-85168-A-39.wav,impulsive
data\raw\noise\esc50\ESC-50-master\audio\1-85184-A-39.wav,impulsive
data\raw\noise\esc50\ESC-50-master\audio\1-85362-A-0.wav,unknown
data\raw\noise\esc50\ESC-50-master\audio\1-85909-A-29.wav,unknown
data\raw\noise\esc50\ESC-50-master\audio\1-87565-A-29.wav,unknown
data\raw\noise\esc50\ESC-50-master\audio\1-88409-A-45.wav,stationary
data\raw\noise\esc50\ESC-50-master\audio\1-88409-B-45.wav,stationary
data\raw\noise\esc50\ESC-50-master\audio\1-88574-A-8.wav,unknown
data\raw\noise\esc50\ESC-50-master\audio\1-88807-A-39.wav,impulsive
data\raw\noise\esc50\ESC-50-master\audio\1-90797-A-15.wav,unknown
data\raw\noise\esc50\ESC-50-master\audio\1-91359-A-11.wav,unknown
data\raw\noise\esc50\ESC-50-master\audio\1-91359-B-11.wav,unknown
data\raw\noise\esc50\ESC-50-master\audio\1-94036-A-22.wav,unknown
data\raw\noise\esc50\ESC-50-master\audio\1-94231-A-32.wav,unknown
data\raw\noise\esc50\ESC-50-master\audio\1-94231-B-32.wav,unknown
data\raw\noise\esc50\ESC-50-master\audio\1-95563-A-31.wav,unknown
data\raw\noise\esc50\ESC-50-master\audio\1-96890-A-37.wav,unknown
data\raw\noise\esc50\ESC-50-master\audio\1-96950-A-9.wav,unknown
data\raw\noise\esc50\ESC-50-master\audio\1-96950-B-9.wav,unknown
data\raw\noise\esc50\ESC-50-master\audio\1-97392-A-0.wav,unknown
data\raw\noise\esc50\ESC-50-master\audio\1-977-A-39.wav,impulsive
data\raw\noise\esc50\ESC-50-master\audio\1-97793-A-31.wav,unknown
data\raw\noise\esc50\ESC-50-master\audio\1-9841-A-13.wav,unknown
data\raw\noise\esc50\ESC-50-master\audio\1-9886-A-49.wav,unknown
data\raw\noise\esc50\ESC-50-master\audio\1-9887-A-49.wav,unknown
data\raw\noise\esc50\ESC-50-master\audio\1-9887-B-49.wav,unknown
data\raw\noise\esc50\ESC-50-master\audio\1-99958-A-31.wav,unknown
data\raw\noise\esc50\ESC-50-master\audio\2-100648-A-43.wav,impulsive
data\raw\noise\esc50\ESC-50-master\audio\2-100786-A-1.wav,unknown
data\raw\noise\esc50\ESC-50-master\audio\2-101676-A-10.wav,non_stationary
data\raw\noise\esc50\ESC-50-master\audio\2-102414-A-17.wav,non_stationary
data\raw\noise\esc50\ESC-50-master\audio\2-102414-B-17.wav,non_stationary
data\raw\noise\esc50\ESC-50-master\audio\2-102414-C-17.wav,non_stationary
data\raw\noise\esc50\ESC-50-master\audio\2-102414-D-17.wav,non_stationary
data\raw\noise\esc50\ESC-50-master\audio\2-102414-E-17.wav,non_stationary
data\raw\noise\esc50\ESC-50-master\audio\2-102414-F-17.wav,non_stationary
data\raw\noise\esc50\ESC-50-master\audio\2-102414-G-17.wav,non_stationary
data\raw\noise\esc50\ESC-50-master\audio\2-102435-A-37.wav,unknown
data\raw\noise\esc50\ESC-50-master\audio\2-102567-A-35.wav,unknown
data\raw\noise\esc50\ESC-50-master\audio\2-102567-B-35.wav,unknown
data\raw\noise\esc50\ESC-50-master\audio\2-102567-C-35.wav,unknown
data\raw\noise\esc50\ESC-50-master\audio\2-102567-D-35.wav,unknown
data\raw\noise\esc50\ESC-50-master\audio\2-102568-A-35.wav,unknown
data\raw\noise\esc50\ESC-50-master\audio\2-102581-A-29.wav,unknown
data\raw\noise\esc50\ESC-50-master\audio\2-102581-B-29.wav,unknown
data\raw\noise\esc50\ESC-50-master\audio\2-102852-A-11.wav,unknown
data\raw\noise\esc50\ESC-50-master\audio\2-103423-A-3.wav,unknown
data\raw\noise\esc50\ESC-50-master\audio\2-103424-A-3.wav,unknown
data\raw\noise\esc50\ESC-50-master\audio\2-103426-A-3.wav,unknown
data\raw\noise\esc50\ESC-50-master\audio\2-103427-A-3.wav,unknown
data\raw\noise\esc50\ESC-50-master\audio\2-103428-A-3.wav,unknown
data\raw\noise\esc50\ESC-50-master\audio\2-104105-A-19.wav,non_stationary
data\raw\noise\esc50\ESC-50-master\audio\2-104105-B-19.wav,non_stationary
data\raw\noise\esc50\ESC-50-master\audio\2-104168-A-32.wav,unknown
data\raw\noise\esc50\ESC-50-master\audio\2-104475-A-37.wav,unknown
data\raw\noise\esc50\ESC-50-master\audio\2-104476-A-37.wav,unknown
data\raw\noise\esc50\ESC-50-master\audio\2-104877-A-3.wav,unknown
data\raw\noise\esc50\ESC-50-master\audio\2-104952-A-16.wav,non_stationary
data\raw\noise\esc50\ESC-50-master\audio\2-104952-B-16.wav,non_stationary
data\raw\noise\esc50\ESC-50-master\audio\2-105270-A-47.wav,stationary
data\raw\noise\esc50\ESC-50-master\audio\2-106014-A-44.wav,stationary
data\raw\noise\esc50\ESC-50-master\audio\2-106015-A-44.wav,stationary
data\raw\noise\esc50\ESC-50-master\audio\2-106015-B-44.wav,stationary
data\raw\noise\esc50\ESC-50-master\audio\2-106019-A-13.wav,unknown
data\raw\noise\esc50\ESC-50-master\audio\2-106072-A-36.wav,unknown
data\raw\noise\esc50\ESC-50-master\audio\2-106073-A-36.wav,unknown
data\raw\noise\esc50\ESC-50-master\audio\2-106486-A-44.wav,stationary
data\raw\noise\esc50\ESC-50-master\audio\2-106487-A-44.wav,stationary
data\raw\noise\esc50\ESC-50-master\audio\2-106849-A-47.wav,stationary
data\raw\noise\esc50\ESC-50-master\audio\2-106881-A-39.wav,impulsive
data\raw\noise\esc50\ESC-50-master\audio\2-107228-A-44.wav,stationary
data\raw\noise\esc50\ESC-50-master\audio\2-107228-B-44.wav,stationary
data\raw\noise\esc50\ESC-50-master\audio\2-107351-A-20.wav,unknown
data\raw\noise\esc50\ESC-50-master\audio\2-107351-B-20.wav,unknown
data\raw\noise\esc50\ESC-50-master\audio\2-108017-A-24.wav,non_stationary
data\raw\noise\esc50\ESC-50-master\audio\2-108760-A-14.wav,unknown
data\raw\noise\esc50\ESC-50-master\audio\2-108760-B-14.wav,unknown
data\raw\noise\esc50\ESC-50-master\audio\2-108761-A-14.wav,unknown
data\raw\noise\esc50\ESC-50-master\audio\2-108763-A-9.wav,unknown
data\raw\noise\esc50\ESC-50-master\audio\2-108766-A-9.wav,unknown
data\raw\noise\esc50\ESC-50-master\audio\2-108767-A-9.wav,unknown
data\raw\noise\esc50\ESC-50-master\audio\2-108767-B-9.wav,unknown
data\raw\noise\esc50\ESC-50-master\audio\2-108767-C-9.wav,unknown
data\raw\noise\esc50\ESC-50-master\audio\2-109231-A-9.wav,unknown
data\raw\noise\esc50\ESC-50-master\audio\2-109231-B-9.wav,unknown
data\raw\noise\esc50\ESC-50-master\audio\2-109231-C-9.wav,unknown
data\raw\noise\esc50\ESC-50-master\audio\2-109316-A-32.wav,unknown
data\raw\noise\esc50\ESC-50-master\audio\2-109371-A-16.wav,non_stationary
data\raw\noise\esc50\ESC-50-master\audio\2-109371-B-16.wav,non_stationary
data\raw\noise\esc50\ESC-50-master\audio\2-109371-C-16.wav,non_stationary
data\raw\noise\esc50\ESC-50-master\audio\2-109371-D-16.wav,non_stationary
data\raw\noise\esc50\ESC-50-master\audio\2-109374-A-16.wav,non_stationary
data\raw\noise\esc50\ESC-50-master\audio\2-109505-A-21.wav,unknown
data\raw\noise\esc50\ESC-50-master\audio\2-109759-A-26.wav,unknown
data\raw\noise\esc50\ESC-50-master\audio\2-109759-B-26.wav,unknown
data\raw\noise\esc50\ESC-50-master\audio\2-110010-A-5.wav,unknown
data\raw\noise\esc50\ESC-50-master\audio\2-110011-A-5.wav,unknown
data\raw\noise\esc50\ESC-50-master\audio\2-110417-A-28.wav,unknown
data\raw\noise\esc50\ESC-50-master\audio\2-110417-B-28.wav,unknown
data\raw\noise\esc50\ESC-50-master\audio\2-110613-A-13.wav,unknown
data\raw\noise\esc50\ESC-50-master\audio\2-110614-A-8.wav,unknown
data\raw\noise\esc50\ESC-50-master\audio\2-110614-B-8.wav,unknown
data\raw\noise\esc50\ESC-50-master\audio\2-112213-A-39.wav,impulsive
data\raw\noise\esc50\ESC-50-master\audio\2-112213-B-39.wav,impulsive
data\raw\noise\esc50\ESC-50-master\audio\2-114254-A-30.wav,impulsive
data\raw\noise\esc50\ESC-50-master\audio\2-114280-A-0.wav,unknown
data\raw\noise\esc50\ESC-50-master\audio\2-114587-A-0.wav,unknown
data\raw\noise\esc50\ESC-50-master\audio\2-114609-A-28.wav,unknown
data\raw\noise\esc50\ESC-50-master\audio\2-114609-B-28.wav,unknown
data\raw\noise\esc50\ESC-50-master\audio\2-116400-A-0.wav,unknown
data\raw\noise\esc50\ESC-50-master\audio\2-117116-A-37.wav,unknown
data\raw\noise\esc50\ESC-50-master\audio\2-117271-A-0.wav,unknown
data\raw\noise\esc50\ESC-50-master\audio\2-117330-A-28.wav,unknown
data\raw\noise\esc50\ESC-50-master\audio\2-117615-A-48.wav,impulsive
data\raw\noise\esc50\ESC-50-master\audio\2-117615-B-48.wav,impulsive
data\raw\noise\esc50\ESC-50-master\audio\2-117615-C-48.wav,impulsive
data\raw\noise\esc50\ESC-50-master\audio\2-117615-D-48.wav,impulsive
data\raw\noise\esc50\ESC-50-master\audio\2-117615-E-48.wav,impulsive
data\raw\noise\esc50\ESC-50-master\audio\2-117616-A-48.wav,impulsive
data\raw\noise\esc50\ESC-50-master\audio\2-117617-A-48.wav,impulsive
data\raw\noise\esc50\ESC-50-master\audio\2-117625-A-10.wav,non_stationary
data\raw\noise\esc50\ESC-50-master\audio\2-117795-A-3.wav,unknown
data\raw\noise\esc50\ESC-50-master\audio\2-117795-B-3.wav,unknown
data\raw\noise\esc50\ESC-50-master\audio\2-118072-A-0.wav,unknown
data\raw\noise\esc50\ESC-50-master\audio\2-118104-A-21.wav,unknown
data\raw\noise\esc50\ESC-50-master\audio\2-118459-A-32.wav,unknown
data\raw\noise\esc50\ESC-50-master\audio\2-118459-B-32.wav,unknown
data\raw\noise\esc50\ESC-50-master\audio\2-118624-A-30.wav,impulsive
data\raw\noise\esc50\ESC-50-master\audio\2-118625-A-30.wav,impulsive
data\raw\noise\esc50\ESC-50-master\audio\2-118817-A-32.wav,unknown
data\raw\noise\esc50\ESC-50-master\audio\2-118964-A-0.wav,unknown
data\raw\noise\esc50\ESC-50-master\audio\2-119102-A-21.wav,unknown
data\raw\noise\esc50\ESC-50-master\audio\2-119139-A-31.wav,unknown
data\raw\noise\esc50\ESC-50-master\audio\2-119161-A-8.wav,unknown
data\raw\noise\esc50\ESC-50-master\audio\2-119161-B-8.wav,unknown
data\raw\noise\esc50\ESC-50-master\audio\2-119161-C-8.wav,unknown
data\raw\noise\esc50\ESC-50-master\audio\2-119748-A-38.wav,unknown
data\raw\noise\esc50\ESC-50-master\audio\2-120218-A-30.wav,impulsive
data\raw\noise\esc50\ESC-50-master\audio\2-120218-B-30.wav,impulsive
data\raw\noise\esc50\ESC-50-master\audio\2-120333-A-32.wav,unknown
data\raw\noise\esc50\ESC-50-master\audio\2-120586-A-6.wav,unknown
data\raw\noise\esc50\ESC-50-master\audio\2-120587-A-6.wav,unknown
data\raw\noise\esc50\ESC-50-master\audio\2-121909-A-35.wav,unknown
data\raw\noise\esc50\ESC-50-master\audio\2-121978-A-29.wav,unknown
data\raw\noise\esc50\ESC-50-master\audio\2-122066-A-45.wav,stationary
data\raw\noise\esc50\ESC-50-master\audio\2-122066-B-45.wav,stationary
data\raw\noise\esc50\ESC-50-master\audio\2-122067-A-45.wav,stationary
data\raw\noise\esc50\ESC-50-master\audio\2-122067-B-45.wav,stationary
data\raw\noise\esc50\ESC-50-master\audio\2-122104-A-0.wav,unknown
data\raw\noise\esc50\ESC-50-master\audio\2-122104-B-0.wav,unknown
data\raw\noise\esc50\ESC-50-master\audio\2-122616-A-14.wav,unknown
data\raw\noise\esc50\ESC-50-master\audio\2-122763-A-29.wav,unknown
data\raw\noise\esc50\ESC-50-master\audio\2-122763-B-29.wav,unknown
data\raw\noise\esc50\ESC-50-master\audio\2-122820-A-36.wav,unknown
data\raw\noise\esc50\ESC-50-master\audio\2-122820-B-36.wav,unknown
data\raw\noise\esc50\ESC-50-master\audio\2-123712-A-33.wav,non_stationary
data\raw\noise\esc50\ESC-50-master\audio\2-123896-A-24.wav,non_stationary
data\raw\noise\esc50\ESC-50-master\audio\2-124564-A-15.wav,unknown
data\raw\noise\esc50\ESC-50-master\audio\2-124662-A-11.wav,unknown
data\raw\noise\esc50\ESC-50-master\audio\2-125520-A-43.wav,impulsive
data\raw\noise\esc50\ESC-50-master\audio\2-125821-A-13.wav,unknown
data\raw\noise\esc50\ESC-50-master\audio\2-125875-A-13.wav,unknown
data\raw\noise\esc50\ESC-50-master\audio\2-125966-A-11.wav,unknown
data\raw\noise\esc50\ESC-50-master\audio\2-126433-A-17.wav,non_stationary
data\raw\noise\esc50\ESC-50-master\audio\2-126756-A-29.wav,unknown
data\raw\noise\esc50\ESC-50-master\audio\2-127108-A-38.wav,unknown
data\raw\noise\esc50\ESC-50-master\audio\2-127109-A-6.wav,unknown
data\raw\noise\esc50\ESC-50-master\audio\2-128465-A-43.wav,impulsive
data\raw\noise\esc50\ESC-50-master\audio\2-128465-B-43.wav,impulsive
data\raw\noise\esc50\ESC-50-master\audio\2-128631-A-21.wav,unknown
data\raw\noise\esc50\ESC-50-master\audio\2-130245-A-34.wav,unknown
data\raw\noise\esc50\ESC-50-master\audio\2-130978-A-21.wav,unknown
data\raw\noise\esc50\ESC-50-master\audio\2-130979-A-21.wav,unknown
data\raw\noise\esc50\ESC-50-master\audio\2-131943-A-38.wav,unknown
data\raw\noise\esc50\ESC-50-master\audio\2-132157-A-11.wav,unknown
data\raw\noise\esc50\ESC-50-master\audio\2-132157-B-11.wav,unknown
data\raw\noise\esc50\ESC-50-master\audio\2-133863-A-11.wav,unknown
data\raw\noise\esc50\ESC-50-master\audio\2-133889-A-30.wav,impulsive
data\raw\noise\esc50\ESC-50-master\audio\2-134049-A-6.wav,unknown
data\raw\noise\esc50\ESC-50-master\audio\2-134700-A-38.wav,unknown
data\raw\noise\esc50\ESC-50-master\audio\2-134915-A-30.wav,impulsive
data\raw\noise\esc50\ESC-50-master\audio\2-135649-A-45.wav,stationary
data\raw\noise\esc50\ESC-50-master\audio\2-135649-B-45.wav,stationary
data\raw\noise\esc50\ESC-50-master\audio\2-135649-C-45.wav,stationary
data\raw\noise\esc50\ESC-50-master\audio\2-135728-A-38.wav,unknown
data\raw\noise\esc50\ESC-50-master\audio\2-135860-A-49.wav,unknown
data\raw\noise\esc50\ESC-50-master\audio\2-137162-A-11.wav,unknown
data\raw\noise\esc50\ESC-50-master\audio\2-138257-A-31.wav,unknown
data\raw\noise\esc50\ESC-50-master\audio\2-138465-A-43.wav,impulsive
data\raw\noise\esc50\ESC-50-master\audio\2-139748-A-15.wav,unknown
data\raw\noise\esc50\ESC-50-master\audio\2-139748-B-15.wav,unknown
data\raw\noise\esc50\ESC-50-master\audio\2-139749-A-15.wav,unknown
data\raw\noise\esc50\ESC-50-master\audio\2-140147-A-38.wav,unknown
data\raw\noise\esc50\ESC-50-master\audio\2-140841-A-30.wav,impulsive
data\raw\noise\esc50\ESC-50-master\audio\2-141563-A-39.wav,impulsive
data\raw\noise\esc50\ESC-50-master\audio\2-141584-A-38.wav,unknown
data\raw\noise\esc50\ESC-50-master\audio\2-141681-A-36.wav,unknown
data\raw\noise\esc50\ESC-50-master\audio\2-141681-B-36.wav,unknown
data\raw\noise\esc50\ESC-50-master\audio\2-141682-A-36.wav,unknown
data\raw\noise\esc50\ESC-50-master\audio\2-141682-B-36.wav,unknown
data\raw\noise\esc50\ESC-50-master\audio\2-144031-A-34.wav,unknown
data\raw\noise\esc50\ESC-50-master\audio\2-144137-A-43.wav,impulsive
data\raw\noise\esc50\ESC-50-master\audio\2-146877-A-31.wav,unknown
data\raw\noise\esc50\ESC-50-master\audio\2-146877-B-31.wav,unknown
data\raw\noise\esc50\ESC-50-master\audio\2-151079-A-20.wav,unknown
data\raw\noise\esc50\ESC-50-master\audio\2-152895-A-31.wav,unknown
data\raw\noise\esc50\ESC-50-master\audio\2-152964-A-31.wav,unknown
data\raw\noise\esc50\ESC-50-master\audio\2-153388-A-31.wav,unknown
data\raw\noise\esc50\ESC-50-master\audio\2-154688-A-31.wav,unknown
data\raw\noise\esc50\ESC-50-master\audio\2-155801-A-11.wav,unknown
data\raw\noise\esc50\ESC-50-master\audio\2-157488-A-6.wav,unknown
data\raw\noise\esc50\ESC-50-master\audio\2-158746-A-2.wav,unknown
data\raw\noise\esc50\ESC-50-master\audio\2-158746-B-2.wav,unknown
data\raw\noise\esc50\ESC-50-master\audio\2-158746-C-2.wav,unknown
data\raw\noise\esc50\ESC-50-master\audio\2-158746-D-2.wav,unknown
data\raw\noise\esc50\ESC-50-master\audio\2-160128-A-7.wav,unknown
data\raw\noise\esc50\ESC-50-master\audio\2-160888-A-47.wav,stationary
data\raw\noise\esc50\ESC-50-master\audio\2-165801-A-48.wav,impulsive
data\raw\noise\esc50\ESC-50-master\audio\2-166644-A-2.wav,unknown
data\raw\noise\esc50\ESC-50-master\audio\2-166644-B-2.wav,unknown
data\raw\noise\esc50\ESC-50-master\audio\2-166644-C-2.wav,unknown
data\raw\noise\esc50\ESC-50-master\audio\2-173559-A-39.wav,impulsive
data\raw\noise\esc50\ESC-50-master\audio\2-173607-A-39.wav,impulsive
data\raw\noise\esc50\ESC-50-master\audio\2-173618-A-39.wav,impulsive
data\raw\noise\esc50\ESC-50-master\audio\2-182508-A-8.wav,unknown
data\raw\noise\esc50\ESC-50-master\audio\2-182508-B-8.wav,unknown
data\raw\noise\esc50\ESC-50-master\audio\2-184077-A-49.wav,unknown
data\raw\noise\esc50\ESC-50-master\audio\2-18766-A-12.wav,non_stationary
data\raw\noise\esc50\ESC-50-master\audio\2-18766-B-12.wav,non_stationary
data\raw\noise\esc50\ESC-50-master\audio\2-188822-A-40.wav,non_stationary
data\raw\noise\esc50\ESC-50-master\audio\2-188822-B-40.wav,non_stationary
data\raw\noise\esc50\ESC-50-master\audio\2-188822-C-40.wav,non_stationary
data\raw\noise\esc50\ESC-50-master\audio\2-188822-D-40.wav,non_stationary
data\raw\noise\esc50\ESC-50-master\audio\2-196688-A-8.wav,unknown
data\raw\noise\esc50\ESC-50-master\audio\2-205966-A-16.wav,non_stationary
data\raw\noise\esc50\ESC-50-master\audio\2-209471-A-25.wav,non_stationary
data\raw\noise\esc50\ESC-50-master\audio\2-209472-A-25.wav,non_stationary
data\raw\noise\esc50\ESC-50-master\audio\2-209473-A-25.wav,non_stationary
data\raw\noise\esc50\ESC-50-master\audio\2-209474-A-25.wav,non_stationary
data\raw\noise\esc50\ESC-50-master\audio\2-209475-A-25.wav,non_stationary
data\raw\noise\esc50\ESC-50-master\audio\2-209476-A-25.wav,non_stationary
data\raw\noise\esc50\ESC-50-master\audio\2-209477-A-25.wav,non_stationary
data\raw\noise\esc50\ESC-50-master\audio\2-209478-A-25.wav,non_stationary
data\raw\noise\esc50\ESC-50-master\audio\2-250710-A-39.wav,impulsive
data\raw\noise\esc50\ESC-50-master\audio\2-25292-A-22.wav,unknown
data\raw\noise\esc50\ESC-50-master\audio\2-25293-A-22.wav,unknown
data\raw\noise\esc50\ESC-50-master\audio\2-262579-A-45.wav,stationary
data\raw\noise\esc50\ESC-50-master\audio\2-28314-A-12.wav,non_stationary
data\raw\noise\esc50\ESC-50-master\audio\2-28314-B-12.wav,non_stationary
data\raw\noise\esc50\ESC-50-master\audio\2-30322-A-12.wav,non_stationary
data\raw\noise\esc50\ESC-50-master\audio\2-30322-B-12.wav,non_stationary
data\raw\noise\esc50\ESC-50-master\audio\2-32515-A-4.wav,unknown
data\raw\noise\esc50\ESC-50-master\audio\2-32515-B-4.wav,unknown
data\raw\noise\esc50\ESC-50-master\audio\2-32515-C-4.wav,unknown
data\raw\noise\esc50\ESC-50-master\audio\2-32515-D-4.wav,unknown
data\raw\noise\esc50\ESC-50-master\audio\2-32834-A-4.wav,unknown
data\raw\noise\esc50\ESC-50-master\audio\2-37806-A-40.wav,non_stationary
data\raw\noise\esc50\ESC-50-master\audio\2-37806-B-40.wav,non_stationary
data\raw\noise\esc50\ESC-50-master\audio\2-37806-C-40.wav,non_stationary
data\raw\noise\esc50\ESC-50-master\audio\2-37806-D-40.wav,non_stationary
data\raw\noise\esc50\ESC-50-master\audio\2-37870-A-2.wav,unknown
data\raw\noise\esc50\ESC-50-master\audio\2-39441-A-19.wav,non_stationary
data\raw\noise\esc50\ESC-50-master\audio\2-39443-A-19.wav,non_stationary
data\raw\noise\esc50\ESC-50-master\audio\2-39443-B-19.wav,non_stationary
data\raw\noise\esc50\ESC-50-master\audio\2-39945-A-19.wav,non_stationary
data\raw\noise\esc50\ESC-50-master\audio\2-39945-B-19.wav,non_stationary
data\raw\noise\esc50\ESC-50-master\audio\2-39945-C-19.wav,non_stationary
data\raw\noise\esc50\ESC-50-master\audio\2-42101-A-43.wav,impulsive
data\raw\noise\esc50\ESC-50-master\audio\2-43802-A-42.wav,stationary
data\raw\noise\esc50\ESC-50-master\audio\2-43806-A-42.wav,stationary
data\raw\noise\esc50\ESC-50-master\audio\2-50665-A-20.wav,unknown
data\raw\noise\esc50\ESC-50-master\audio\2-50666-A-20.wav,unknown
data\raw\noise\esc50\ESC-50-master\audio\2-50667-A-41.wav,unknown
data\raw\noise\esc50\ESC-50-master\audio\2-50667-B-41.wav,unknown
data\raw\noise\esc50\ESC-50-master\audio\2-50668-A-41.wav,unknown
data\raw\noise\esc50\ESC-50-master\audio\2-50668-B-41.wav,unknown
data\raw\noise\esc50\ESC-50-master\audio\2-50774-A-23.wav,non_stationary
data\raw\noise\esc50\ESC-50-master\audio\2-51173-A-35.wav,unknown
data\raw\noise\esc50\ESC-50-master\audio\2-51630-A-49.wav,unknown
data\raw\noise\esc50\ESC-50-master\audio\2-51630-B-49.wav,unknown
data\raw\noise\esc50\ESC-50-master\audio\2-52001-A-28.wav,unknown
data\raw\noise\esc50\ESC-50-master\audio\2-52001-B-28.wav,unknown
data\raw\noise\esc50\ESC-50-master\audio\2-52085-A-4.wav,unknown
data\raw\noise\esc50\ESC-50-master\audio\2-52085-B-4.wav,unknown
data\raw\noise\esc50\ESC-50-master\audio\2-52789-A-4.wav,unknown
data\raw\noise\esc50\ESC-50-master\audio\2-54086-A-43.wav,impulsive
data\raw\noise\esc50\ESC-50-master\audio\2-54961-A-23.wav,non_stationary
data\raw\noise\esc50\ESC-50-master\audio\2-54962-A-23.wav,non_stationary
data\raw\noise\esc50\ESC-50-master\audio\2-56926-A-46.wav,unknown
data\raw\noise\esc50\ESC-50-master\audio\2-57191-A-46.wav,unknown
data\raw\noise\esc50\ESC-50-master\audio\2-57733-A-22.wav,unknown
data\raw\noise\esc50\ESC-50-master\audio\2-59241-A-35.wav,unknown
data\raw\noise\esc50\ESC-50-master\audio\2-59321-A-49.wav,unknown
data\raw\noise\esc50\ESC-50-master\audio\2-59565-A-46.wav,unknown
data\raw\noise\esc50\ESC-50-master\audio\2-59566-A-46.wav,unknown
data\raw\noise\esc50\ESC-50-master\audio\2-60180-A-49.wav,unknown
data\raw\noise\esc50\ESC-50-master\audio\2-60180-B-49.wav,unknown
data\raw\noise\esc50\ESC-50-master\audio\2-60791-A-26.wav,unknown
data\raw\noise\esc50\ESC-50-master\audio\2-60794-A-26.wav,unknown
data\raw\noise\esc50\ESC-50-master\audio\2-60795-A-26.wav,unknown
data\raw\noise\esc50\ESC-50-master\audio\2-60900-A-22.wav,unknown
data\raw\noise\esc50\ESC-50-master\audio\2-61311-A-12.wav,non_stationary
data\raw\noise\esc50\ESC-50-master\audio\2-61618-A-46.wav,unknown
data\raw\noise\esc50\ESC-50-master\audio\2-62226-A-26.wav,unknown
data\raw\noise\esc50\ESC-50-master\audio\2-64332-A-18.wav,unknown
data\raw\noise\esc50\ESC-50-master\audio\2-64962-A-15.wav,unknown
data\raw\noise\esc50\ESC-50-master\audio\2-64963-A-15.wav,unknown
data\raw\noise\esc50\ESC-50-master\audio\2-65484-A-18.wav,unknown
data\raw\noise\esc50\ESC-50-master\audio\2-65747-A-12.wav,non_stationary
data\raw\noise\esc50\ESC-50-master\audio\2-65750-A-1.wav,unknown
data\raw\noise\esc50\ESC-50-master\audio\2-66205-A-23.wav,non_stationary
data\raw\noise\esc50\ESC-50-master\audio\2-66637-A-20.wav,unknown
data\raw\noise\esc50\ESC-50-master\audio\2-66637-B-20.wav,unknown
data\raw\noise\esc50\ESC-50-master\audio\2-67422-A-18.wav,unknown
data\raw\noise\esc50\ESC-50-master\audio\2-68391-A-41.wav,unknown
data\raw\noise\esc50\ESC-50-master\audio\2-68391-B-41.wav,unknown
data\raw\noise\esc50\ESC-50-master\audio\2-68595-A-15.wav,unknown
data\raw\noise\esc50\ESC-50-master\audio\2-68595-B-15.wav,unknown
data\raw\noise\esc50\ESC-50-master\audio\2-69131-A-5.wav,unknown
data\raw\noise\esc50\ESC-50-master\audio\2-69131-B-5.wav,unknown
data\raw\noise\esc50\ESC-50-master\audio\2-70052-A-42.wav,stationary
data\raw\noise\esc50\ESC-50-master\audio\2-70052-B-42.wav,stationary
data\raw\noise\esc50\ESC-50-master\audio\2-70280-A-18.wav,unknown
data\raw\noise\esc50\ESC-50-master\audio\2-70344-A-33.wav,non_stationary
data\raw\noise\esc50\ESC-50-master\audio\2-70366-A-33.wav,non_stationary
data\raw\noise\esc50\ESC-50-master\audio\2-70367-A-33.wav,non_stationary
data\raw\noise\esc50\ESC-50-master\audio\2-70936-A-42.wav,stationary
data\raw\noise\esc50\ESC-50-master\audio\2-70938-A-42.wav,stationary
data\raw\noise\esc50\ESC-50-master\audio\2-70939-A-42.wav,stationary
data\raw\noise\esc50\ESC-50-master\audio\2-71162-A-1.wav,unknown
data\raw\noise\esc50\ESC-50-master\audio\2-72268-A-6.wav,unknown
data\raw\noise\esc50\ESC-50-master\audio\2-72547-A-14.wav,unknown
data\raw\noise\esc50\ESC-50-master\audio\2-72547-B-14.wav,unknown
data\raw\noise\esc50\ESC-50-master\audio\2-72547-C-14.wav,unknown
data\raw\noise\esc50\ESC-50-master\audio\2-72547-D-14.wav,unknown
data\raw\noise\esc50\ESC-50-master\audio\2-72677-A-18.wav,unknown
data\raw\noise\esc50\ESC-50-master\audio\2-72688-A-42.wav,stationary
data\raw\noise\esc50\ESC-50-master\audio\2-72970-A-10.wav,non_stationary
data\raw\noise\esc50\ESC-50-master\audio\2-73027-A-10.wav,non_stationary
data\raw\noise\esc50\ESC-50-master\audio\2-7321-A-33.wav,non_stationary
data\raw\noise\esc50\ESC-50-master\audio\2-73260-A-10.wav,non_stationary
data\raw\noise\esc50\ESC-50-master\audio\2-73544-A-27.wav,unknown
data\raw\noise\esc50\ESC-50-master\audio\2-74361-A-47.wav,stationary
data\raw\noise\esc50\ESC-50-master\audio\2-74977-A-18.wav,unknown
data\raw\noise\esc50\ESC-50-master\audio\2-75726-A-6.wav,unknown
data\raw\noise\esc50\ESC-50-master\audio\2-76408-A-22.wav,unknown
data\raw\noise\esc50\ESC-50-master\audio\2-76408-B-22.wav,unknown
data\raw\noise\esc50\ESC-50-master\audio\2-76408-C-22.wav,unknown
data\raw\noise\esc50\ESC-50-master\audio\2-76408-D-22.wav,unknown
data\raw\noise\esc50\ESC-50-master\audio\2-76868-A-6.wav,unknown
data\raw\noise\esc50\ESC-50-master\audio\2-77346-A-46.wav,unknown
data\raw\noise\esc50\ESC-50-master\audio\2-77347-A-46.wav,unknown
data\raw\noise\esc50\ESC-50-master\audio\2-77945-A-41.wav,unknown
data\raw\noise\esc50\ESC-50-master\audio\2-77945-B-41.wav,unknown
data\raw\noise\esc50\ESC-50-master\audio\2-78381-A-46.wav,unknown
data\raw\noise\esc50\ESC-50-master\audio\2-78562-A-37.wav,unknown
data\raw\noise\esc50\ESC-50-master\audio\2-78562-B-37.wav,unknown
data\raw\noise\esc50\ESC-50-master\audio\2-78651-A-44.wav,stationary
data\raw\noise\esc50\ESC-50-master\audio\2-78781-A-47.wav,stationary
data\raw\noise\esc50\ESC-50-master\audio\2-78799-A-47.wav,stationary
data\raw\noise\esc50\ESC-50-master\audio\2-79769-A-26.wav,unknown
data\raw\noise\esc50\ESC-50-master\audio\2-79775-A-26.wav,unknown
data\raw\noise\esc50\ESC-50-master\audio\2-80313-A-28.wav,unknown
data\raw\noise\esc50\ESC-50-master\audio\2-80482-A-20.wav,unknown
data\raw\noise\esc50\ESC-50-master\audio\2-80844-A-13.wav,unknown
data\raw\noise\esc50\ESC-50-master\audio\2-81112-A-34.wav,unknown
data\raw\noise\esc50\ESC-50-master\audio\2-81190-A-34.wav,unknown
data\raw\noise\esc50\ESC-50-master\audio\2-81270-A-1.wav,unknown
data\raw\noise\esc50\ESC-50-master\audio\2-81731-A-10.wav,non_stationary
data\raw\noise\esc50\ESC-50-master\audio\2-81970-A-7.wav,unknown
data\raw\noise\esc50\ESC-50-master\audio\2-81970-B-7.wav,unknown
data\raw\noise\esc50\ESC-50-master\audio\2-81970-C-7.wav,unknown
data\raw\noise\esc50\ESC-50-master\audio\2-82071-A-27.wav,unknown
data\raw\noise\esc50\ESC-50-master\audio\2-82077-A-7.wav,unknown
data\raw\noise\esc50\ESC-50-master\audio\2-82274-A-5.wav,unknown
data\raw\noise\esc50\ESC-50-master\audio\2-82274-B-5.wav,unknown
data\raw\noise\esc50\ESC-50-master\audio\2-82367-A-10.wav,non_stationary
data\raw\noise\esc50\ESC-50-master\audio\2-82455-A-23.wav,non_stationary
data\raw\noise\esc50\ESC-50-master\audio\2-82538-A-21.wav,unknown
data\raw\noise\esc50\ESC-50-master\audio\2-83270-A-13.wav,unknown
data\raw\noise\esc50\ESC-50-master\audio\2-83536-A-27.wav,unknown
data\raw\noise\esc50\ESC-50-master\audio\2-83667-A-34.wav,unknown
data\raw\noise\esc50\ESC-50-master\audio\2-83688-A-34.wav,unknown
data\raw\noise\esc50\ESC-50-master\audio\2-83934-A-5.wav,unknown
data\raw\noise\esc50\ESC-50-master\audio\2-83934-B-5.wav,unknown
data\raw\noise\esc50\ESC-50-master\audio\2-84693-A-49.wav,unknown
data\raw\noise\esc50\ESC-50-master\audio\2-84943-A-18.wav,unknown
data\raw\noise\esc50\ESC-50-master\audio\2-84965-A-23.wav,non_stationary
data\raw\noise\esc50\ESC-50-master\audio\2-85139-A-13.wav,unknown
data\raw\noise\esc50\ESC-50-master\audio\2-85292-A-24.wav,non_stationary
data\raw\noise\esc50\ESC-50-master\audio\2-85434-A-27.wav,unknown
data\raw\noise\esc50\ESC-50-master\audio\2-85471-A-34.wav,unknown
data\raw\noise\esc50\ESC-50-master\audio\2-85945-A-18.wav,unknown
data\raw\noise\esc50\ESC-50-master\audio\2-86160-A-27.wav,unknown
data\raw\noise\esc50\ESC-50-master\audio\2-87282-A-34.wav,unknown
data\raw\noise\esc50\ESC-50-master\audio\2-87412-A-24.wav,non_stationary
data\raw\noise\esc50\ESC-50-master\audio\2-87780-A-33.wav,non_stationary
data\raw\noise\esc50\ESC-50-master\audio\2-87781-A-10.wav,non_stationary
data\raw\noise\esc50\ESC-50-master\audio\2-87794-A-24.wav,non_stationary
data\raw\noise\esc50\ESC-50-master\audio\2-87795-A-24.wav,non_stationary
data\raw\noise\esc50\ESC-50-master\audio\2-87799-A-24.wav,non_stationary
data\raw\noise\esc50\ESC-50-master\audio\2-88724-A-38.wav,unknown
data\raw\noise\esc50\ESC-50-master\audio\2-89516-A-37.wav,unknown
data\raw\noise\esc50\ESC-50-master\audio\2-91912-A-33.wav,non_stationary
data\raw\noise\esc50\ESC-50-master\audio\2-91912-B-33.wav,non_stationary
data\raw\noise\esc50\ESC-50-master\audio\2-92627-A-27.wav,unknown
data\raw\noise\esc50\ESC-50-master\audio\2-92978-A-29.wav,unknown
data\raw\noise\esc50\ESC-50-master\audio\2-93030-A-21.wav,unknown
data\raw\noise\esc50\ESC-50-master\audio\2-94230-A-27.wav,unknown
data\raw\noise\esc50\ESC-50-master\audio\2-94807-A-29.wav,unknown
data\raw\noise\esc50\ESC-50-master\audio\2-95035-A-1.wav,unknown
data\raw\noise\esc50\ESC-50-master\audio\2-95258-A-1.wav,unknown
data\raw\noise\esc50\ESC-50-master\audio\2-95258-B-1.wav,unknown
data\raw\noise\esc50\ESC-50-master\audio\2-95567-A-23.wav,non_stationary
data\raw\noise\esc50\ESC-50-master\audio\2-96033-A-13.wav,unknown
data\raw\noise\esc50\ESC-50-master\audio\2-96063-A-37.wav,unknown
data\raw\noise\esc50\ESC-50-master\audio\2-96460-A-1.wav,unknown
data\raw\noise\esc50\ESC-50-master\audio\2-96654-A-47.wav,stationary
data\raw\noise\esc50\ESC-50-master\audio\2-96904-A-27.wav,unknown
data\raw\noise\esc50\ESC-50-master\audio\2-98392-A-23.wav,non_stationary
data\raw\noise\esc50\ESC-50-master\audio\2-98676-A-24.wav,non_stationary
data\raw\noise\esc50\ESC-50-master\audio\2-98866-A-47.wav,stationary
data\raw\noise\esc50\ESC-50-master\audio\2-99795-A-32.wav,unknown
data\raw\noise\esc50\ESC-50-master\audio\2-99796-A-32.wav,unknown
data\raw\noise\esc50\ESC-50-master\audio\2-99955-A-7.wav,unknown
data\raw\noise\esc50\ESC-50-master\audio\2-99955-B-7.wav,unknown
data\raw\noise\esc50\ESC-50-master\audio\2-99955-C-7.wav,unknown
data\raw\noise\esc50\ESC-50-master\audio\3-100018-A-18.wav,unknown
data\raw\noise\esc50\ESC-50-master\audio\3-100024-A-27.wav,unknown
data\raw\noise\esc50\ESC-50-master\audio\3-100024-B-27.wav,unknown
data\raw\noise\esc50\ESC-50-master\audio\3-101381-A-33.wav,non_stationary
data\raw\noise\esc50\ESC-50-master\audio\3-101381-B-33.wav,non_stationary
data\raw\noise\esc50\ESC-50-master\audio\3-102583-A-49.wav,unknown
data\raw\noise\esc50\ESC-50-master\audio\3-102583-B-49.wav,unknown
data\raw\noise\esc50\ESC-50-master\audio\3-102583-C-49.wav,unknown
data\raw\noise\esc50\ESC-50-master\audio\3-102908-A-4.wav,unknown
data\raw\noise\esc50\ESC-50-master\audio\3-103050-A-19.wav,non_stationary
data\raw\noise\esc50\ESC-50-master\audio\3-103051-A-19.wav,non_stationary
data\raw\noise\esc50\ESC-50-master\audio\3-103051-B-19.wav,non_stationary
data\raw\noise\esc50\ESC-50-master\audio\3-103051-C-19.wav,non_stationary
data\raw\noise\esc50\ESC-50-master\audio\3-103401-A-33.wav,non_stationary
data\raw\noise\esc50\ESC-50-master\audio\3-103401-B-33.wav,non_stationary
data\raw\noise\esc50\ESC-50-master\audio\3-103401-C-33.wav,non_stationary
data\raw\noise\esc50\ESC-50-master\audio\3-103401-D-33.wav,non_stationary
data\raw\noise\esc50\ESC-50-master\audio\3-103597-A-25.wav,non_stationary
data\raw\noise\esc50\ESC-50-master\audio\3-103598-A-25.wav,non_stationary
data\raw\noise\esc50\ESC-50-master\audio\3-103599-A-25.wav,non_stationary
data\raw\noise\esc50\ESC-50-master\audio\3-103599-B-25.wav,non_stationary
data\raw\noise\esc50\ESC-50-master\audio\3-104632-A-12.wav,non_stationary
data\raw\noise\esc50\ESC-50-master\audio\3-104761-A-7.wav,unknown
data\raw\noise\esc50\ESC-50-master\audio\3-104761-B-7.wav,unknown
data\raw\noise\esc50\ESC-50-master\audio\3-104958-A-12.wav,non_stationary
data\raw\noise\esc50\ESC-50-master\audio\3-105235-A-7.wav,unknown
data\raw\noise\esc50\ESC-50-master\audio\3-105236-A-7.wav,unknown
data\raw\noise\esc50\ESC-50-master\audio\3-107123-A-26.wav,unknown
data\raw\noise\esc50\ESC-50-master\audio\3-107219-A-1.wav,unknown
data\raw\noise\esc50\ESC-50-master\audio\3-108160-A-23.wav,non_stationary
data\raw\noise\esc50\ESC-50-master\audio\3-108451-A-17.wav,non_stationary
data\raw\noise\esc50\ESC-50-master\audio\3-108451-B-17.wav,non_stationary
data\raw\noise\esc50\ESC-50-master\audio\3-108677-A-18.wav,unknown
data\raw\noise\esc50\ESC-50-master\audio\3-108791-A-18.wav,unknown
data\raw\noise\esc50\ESC-50-master\audio\3-110536-A-26.wav,unknown
data\raw\noise\esc50\ESC-50-master\audio\3-110913-A-7.wav,unknown
data\raw\noise\esc50\ESC-50-master\audio\3-110913-B-7.wav,unknown
data\raw\noise\esc50\ESC-50-master\audio\3-110913-C-7.wav,unknown
data\raw\noise\esc50\ESC-50-master\audio\3-110913-D-7.wav,unknown
data\raw\noise\esc50\ESC-50-master\audio\3-111102-A-46.wav,unknown
data\raw\noise\esc50\ESC-50-master\audio\3-111102-B-46.wav,unknown
data\raw\noise\esc50\ESC-50-master\audio\3-112356-A-18.wav,unknown
data\raw\noise\esc50\ESC-50-master\audio\3-112397-A-9.wav,unknown
data\raw\noise\esc50\ESC-50-master\audio\3-112522-A-27.wav,unknown
data\raw\noise\esc50\ESC-50-master\audio\3-112557-A-23.wav,non_stationary
data\raw\noise\esc50\ESC-50-master\audio\3-112557-B-23.wav,non_stationary
data\raw\noise\esc50\ESC-50-master\audio\3-115382-A-44.wav,stationary
data\raw\noise\esc50\ESC-50-master\audio\3-115387-A-47.wav,stationary
data\raw\noise\esc50\ESC-50-master\audio\3-115387-B-47.wav,stationary
data\raw\noise\esc50\ESC-50-master\audio\3-115387-C-47.wav,stationary
data\raw\noise\esc50\ESC-50-master\audio\3-116135-A-1.wav,unknown
data\raw\noise\esc50\ESC-50-master\audio\3-117293-A-9.wav,unknown
data\raw\noise\esc50\ESC-50-master\audio\3-117504-A-16.wav,non_stationary
data\raw\noise\esc50\ESC-50-master\audio\3-117504-B-16.wav,non_stationary
data\raw\noise\esc50\ESC-50-master\audio\3-117793-A-37.wav,unknown
data\raw\noise\esc50\ESC-50-master\audio\3-117883-A-37.wav,unknown
data\raw\noise\esc50\ESC-50-master\audio\3-118059-A-18.wav,unknown
data\raw\noise\esc50\ESC-50-master\audio\3-118069-A-27.wav,unknown
data\raw\noise\esc50\ESC-50-master\audio\3-118069-B-27.wav,unknown
data\raw\noise\esc50\ESC-50-master\audio\3-118194-A-33.wav,non_stationary
data\raw\noise\esc50\ESC-50-master\audio\3-118487-A-26.wav,unknown
data\raw\noise\esc50\ESC-50-master\audio\3-118656-A-41.wav,unknown
data\raw\noise\esc50\ESC-50-master\audio\3-118657-A-41.wav,unknown
data\raw\noise\esc50\ESC-50-master\audio\3-118657-B-41.wav,unknown
data\raw\noise\esc50\ESC-50-master\audio\3-118658-A-41.wav,unknown
data\raw\noise\esc50\ESC-50-master\audio\3-118658-B-41.wav,unknown
data\raw\noise\esc50\ESC-50-master\audio\3-118972-A-41.wav,unknown
data\raw\noise\esc50\ESC-50-master\audio\3-118972-B-41.wav,unknown
data\raw\noise\esc50\ESC-50-master\audio\3-119120-A-48.wav,impulsive
data\raw\noise\esc50\ESC-50-master\audio\3-119120-B-48.wav,impulsive
data\raw\noise\esc50\ESC-50-master\audio\3-119120-C-48.wav,impulsive
data\raw\noise\esc50\ESC-50-master\audio\3-119120-D-48.wav,impulsive
data\raw\noise\esc50\ESC-50-master\audio\3-119120-E-48.wav,impulsive
data\raw\noise\esc50\ESC-50-master\audio\3-119455-A-44.wav,stationary
data\raw\noise\esc50\ESC-50-master\audio\3-119459-A-26.wav,unknown
data\raw\noise\esc50\ESC-50-master\audio\3-120526-A-37.wav,unknown
data\raw\noise\esc50\ESC-50-master\audio\3-120526-B-37.wav,unknown
data\raw\noise\esc50\ESC-50-master\audio\3-120644-A-12.wav,non_stationary
data\raw\noise\esc50\ESC-50-master\audio\3-121348-A-9.wav,unknown
data\raw\noise\esc50\ESC-50-master\audio\3-122110-A-46.wav,unknown
data\raw\noise\esc50\ESC-50-master\audio\3-123086-A-28.wav,unknown
data\raw\noise\esc50\ESC-50-master\audio\3-123224-A-19.wav,non_stationary
data\raw\noise\esc50\ESC-50-master\audio\3-124376-A-3.wav,unknown
data\raw\noise\esc50\ESC-50-master\audio\3-124376-B-3.wav,unknown
data\raw\noise\esc50\ESC-50-master\audio\3-124600-A-19.wav,non_stationary
data\raw\noise\esc50\ESC-50-master\audio\3-124795-A-28.wav,unknown
data\raw\noise\esc50\ESC-50-master\audio\3-124925-A-9.wav,unknown
data\raw\noise\esc50\ESC-50-master\audio\3-124958-A-28.wav,unknown
data\raw\noise\esc50\ESC-50-master\audio\3-125418-A-24.wav,non_stationary
data\raw\noise\esc50\ESC-50-master\audio\3-125548-A-32.wav,unknown
data\raw\noise\esc50\ESC-50-master\audio\3-126113-A-26.wav,unknown
data\raw\noise\esc50\ESC-50-master\audio\3-126358-A-3.wav,unknown
data\raw\noise\esc50\ESC-50-master\audio\3-126358-B-3.wav,unknown
data\raw\noise\esc50\ESC-50-master\audio\3-126391-A-27.wav,unknown
data\raw\noise\esc50\ESC-50-master\audio\3-126391-B-27.wav,unknown
data\raw\noise\esc50\ESC-50-master\audio\3-127874-A-17.wav,non_stationary
data\raw\noise\esc50\ESC-50-master\audio\3-127890-A-9.wav,unknown
data\raw\noise\esc50\ESC-50-master\audio\3-127890-B-9.wav,unknown
data\raw\noise\esc50\ESC-50-master\audio\3-127890-C-9.wav,unknown
data\raw\noise\esc50\ESC-50-master\audio\3-128160-A-44.wav,stationary
data\raw\noise\esc50\ESC-50-master\audio\3-128512-A-47.wav,stationary
data\raw\noise\esc50\ESC-50-master\audio\3-128512-B-47.wav,stationary
data\raw\noise\esc50\ESC-50-master\audio\3-129264-A-9.wav,unknown
data\raw\noise\esc50\ESC-50-master\audio\3-129338-A-13.wav,unknown
data\raw\noise\esc50\ESC-50-master\audio\3-129678-A-13.wav,unknown
data\raw\noise\esc50\ESC-50-master\audio\3-130330-A-22.wav,unknown
data\raw\noise\esc50\ESC-50-master\audio\3-130998-A-28.wav,unknown
data\raw\noise\esc50\ESC-50-master\audio\3-130998-B-28.wav,unknown
data\raw\noise\esc50\ESC-50-master\audio\3-131943-A-37.wav,unknown
data\raw\noise\esc50\ESC-50-master\audio\3-132340-A-37.wav,unknown
data\raw\noise\esc50\ESC-50-master\audio\3-132601-A-24.wav,non_stationary
data\raw\noise\esc50\ESC-50-master\audio\3-132747-A-26.wav,unknown
data\raw\noise\esc50\ESC-50-master\audio\3-132830-A-32.wav,unknown
data\raw\noise\esc50\ESC-50-master\audio\3-132852-A-10.wav,non_stationary
data\raw\noise\esc50\ESC-50-master\audio\3-133977-A-29.wav,unknown
data\raw\noise\esc50\ESC-50-master\audio\3-134049-A-1.wav,unknown
data\raw\noise\esc50\ESC-50-master\audio\3-134699-A-16.wav,non_stationary
data\raw\noise\esc50\ESC-50-master\audio\3-134699-B-16.wav,non_stationary
data\raw\noise\esc50\ESC-50-master\audio\3-134699-C-16.wav,non_stationary
data\raw\noise\esc50\ESC-50-master\audio\3-134802-A-13.wav,unknown
data\raw\noise\esc50\ESC-50-master\audio\3-135469-A-35.wav,unknown
data\raw\noise\esc50\ESC-50-master\audio\3-135650-A-45.wav,stationary
data\raw\noise\esc50\ESC-50-master\audio\3-135650-B-45.wav,stationary
data\raw\noise\esc50\ESC-50-master\audio\3-136288-A-0.wav,unknown
data\raw\noise\esc50\ESC-50-master\audio\3-136451-A-45.wav,stationary
data\raw\noise\esc50\ESC-50-master\audio\3-136608-A-16.wav,non_stationary
data\raw\noise\esc50\ESC-50-master\audio\3-137152-A-1.wav,unknown
data\raw\noise\esc50\ESC-50-master\audio\3-138114-A-22.wav,unknown
data\raw\noise\esc50\ESC-50-master\audio\3-138212-A-45.wav,stationary
data\raw\noise\esc50\ESC-50-master\audio\3-139109-A-46.wav,unknown
data\raw\noise\esc50\ESC-50-master\audio\3-139331-A-27.wav,unknown
data\raw\noise\esc50\ESC-50-master\audio\3-139958-A-37.wav,unknown
data\raw\noise\esc50\ESC-50-master\audio\3-140199-A-8.wav,unknown
data\raw\noise\esc50\ESC-50-master\audio\3-140199-B-8.wav,unknown
data\raw\noise\esc50\ESC-50-master\audio\3-140199-C-8.wav,unknown
data\raw\noise\esc50\ESC-50-master\audio\3-140199-D-8.wav,unknown
data\raw\noise\esc50\ESC-50-master\audio\3-140323-A-29.wav,unknown
data\raw\noise\esc50\ESC-50-master\audio\3-140774-A-10.wav,non_stationary
data\raw\noise\esc50\ESC-50-master\audio\3-141240-A-44.wav,stationary
data\raw\noise\esc50\ESC-50-master\audio\3-141240-B-44.wav,stationary
data\raw\noise\esc50\ESC-50-master\audio\3-141559-A-45.wav,stationary
data\raw\noise\esc50\ESC-50-master\audio\3-141684-A-21.wav,unknown
data\raw\noise\esc50\ESC-50-master\audio\3-142005-A-10.wav,non_stationary
data\raw\noise\esc50\ESC-50-master\audio\3-142006-A-10.wav,non_stationary
data\raw\noise\esc50\ESC-50-master\audio\3-142349-A-17.wav,non_stationary
data\raw\noise\esc50\ESC-50-master\audio\3-142593-A-38.wav,unknown
data\raw\noise\esc50\ESC-50-master\audio\3-142601-A-21.wav,unknown
data\raw\noise\esc50\ESC-50-master\audio\3-142604-A-24.wav,non_stationary
data\raw\noise\esc50\ESC-50-master\audio\3-142605-A-21.wav,unknown
data\raw\noise\esc50\ESC-50-master\audio\3-143119-A-21.wav,unknown
data\raw\noise\esc50\ESC-50-master\audio\3-143560-A-47.wav,stationary
data\raw\noise\esc50\ESC-50-master\audio\3-143562-A-47.wav,stationary
data\raw\noise\esc50\ESC-50-master\audio\3-143929-A-10.wav,non_stationary
data\raw\noise\esc50\ESC-50-master\audio\3-143933-A-38.wav,unknown
data\raw\noise\esc50\ESC-50-master\audio\3-144028-A-0.wav,unknown
data\raw\noise\esc50\ESC-50-master\audio\3-144106-A-32.wav,unknown
data\raw\noise\esc50\ESC-50-master\audio\3-144120-A-32.wav,unknown
data\raw\noise\esc50\ESC-50-master\audio\3-144128-A-23.wav,non_stationary
data\raw\noise\esc50\ESC-50-master\audio\3-144128-B-23.wav,non_stationary
data\raw\noise\esc50\ESC-50-master\audio\3-144253-A-29.wav,unknown
data\raw\noise\esc50\ESC-50-master\audio\3-144259-A-29.wav,unknown
data\raw\noise\esc50\ESC-50-master\audio\3-144510-A-30.wav,impulsive
data\raw\noise\esc50\ESC-50-master\audio\3-144692-A-21.wav,unknown
data\raw\noise\esc50\ESC-50-master\audio\3-144827-A-11.wav,unknown
data\raw\noise\esc50\ESC-50-master\audio\3-144827-B-11.wav,unknown
data\raw\noise\esc50\ESC-50-master\audio\3-144891-A-19.wav,non_stationary
data\raw\noise\esc50\ESC-50-master\audio\3-144891-B-19.wav,non_stationary
data\raw\noise\esc50\ESC-50-master\audio\3-145382-A-1.wav,unknown
data\raw\noise\esc50\ESC-50-master\audio\3-145387-A-29.wav,unknown
data\raw\noise\esc50\ESC-50-master\audio\3-145487-A-24.wav,non_stationary
data\raw\noise\esc50\ESC-50-master\audio\3-145577-A-43.wav,impulsive
data\raw\noise\esc50\ESC-50-master\audio\3-145719-A-17.wav,non_stationary
data\raw\noise\esc50\ESC-50-master\audio\3-145774-A-12.wav,non_stationary
data\raw\noise\esc50\ESC-50-master\audio\3-146033-A-13.wav,unknown
data\raw\noise\esc50\ESC-50-master\audio\3-146186-A-44.wav,stationary
data\raw\noise\esc50\ESC-50-master\audio\3-146697-A-43.wav,impulsive
data\raw\noise\esc50\ESC-50-master\audio\3-146873-A-24.wav,non_stationary
data\raw\noise\esc50\ESC-50-master\audio\3-146964-A-5.wav,unknown
data\raw\noise\esc50\ESC-50-master\audio\3-146965-A-5.wav,unknown
data\raw\noise\esc50\ESC-50-master\audio\3-146972-A-5.wav,unknown
data\raw\noise\esc50\ESC-50-master\audio\3-147342-A-34.wav,unknown
data\raw\noise\esc50\ESC-50-master\audio\3-147343-A-34.wav,unknown
data\raw\noise\esc50\ESC-50-master\audio\3-147965-A-12.wav,non_stationary
data\raw\noise\esc50\ESC-50-master\audio\3-148297-A-37.wav,unknown
data\raw\noise\esc50\ESC-50-master\audio\3-148330-A-21.wav,unknown
data\raw\noise\esc50\ESC-50-master\audio\3-148932-A-34.wav,unknown
data\raw\noise\esc50\ESC-50-master\audio\3-149042-A-24.wav,non_stationary
data\raw\noise\esc50\ESC-50-master\audio\3-149189-A-1.wav,unknown
data\raw\noise\esc50\ESC-50-master\audio\3-149448-A-17.wav,non_stationary
data\raw\noise\esc50\ESC-50-master\audio\3-149465-A-22.wav,unknown
data\raw\noise\esc50\ESC-50-master\audio\3-150231-A-21.wav,unknown
data\raw\noise\esc50\ESC-50-master\audio\3-150363-A-38.wav,unknown
data\raw\noise\esc50\ESC-50-master\audio\3-150979-A-40.wav,non_stationary
data\raw\noise\esc50\ESC-50-master\audio\3-150979-B-40.wav,non_stationary
data\raw\noise\esc50\ESC-50-master\audio\3-150979-C-40.wav,non_stationary
data\raw\noise\esc50\ESC-50-master\audio\3-151080-A-20.wav,unknown
data\raw\noise\esc50\ESC-50-master\audio\3-151081-A-20.wav,unknown
data\raw\noise\esc50\ESC-50-master\audio\3-151081-B-20.wav,unknown
data\raw\noise\esc50\ESC-50-master\audio\3-151089-A-30.wav,impulsive
data\raw\noise\esc50\ESC-50-master\audio\3-151206-A-23.wav,non_stationary
data\raw\noise\esc50\ESC-50-master\audio\3-151212-A-24.wav,non_stationary
data\raw\noise\esc50\ESC-50-master\audio\3-151213-A-24.wav,non_stationary
data\raw\noise\esc50\ESC-50-master\audio\3-151255-A-28.wav,unknown
data\raw\noise\esc50\ESC-50-master\audio\3-151269-A-35.wav,unknown
data\raw\noise\esc50\ESC-50-master\audio\3-151273-A-35.wav,unknown
data\raw\noise\esc50\ESC-50-master\audio\3-151557-A-28.wav,unknown
data\raw\noise\esc50\ESC-50-master\audio\3-151557-B-28.wav,unknown
data\raw\noise\esc50\ESC-50-master\audio\3-152007-A-20.wav,unknown
data\raw\noise\esc50\ESC-50-master\audio\3-152007-B-20.wav,unknown
data\raw\noise\esc50\ESC-50-master\audio\3-152007-C-20.wav,unknown
data\raw\noise\esc50\ESC-50-master\audio\3-152007-D-20.wav,unknown
data\raw\noise\esc50\ESC-50-master\audio\3-152007-E-20.wav,unknown
data\raw\noise\esc50\ESC-50-master\audio\3-152020-A-36.wav,unknown
data\raw\noise\esc50\ESC-50-master\audio\3-152020-B-36.wav,unknown
data\raw\noise\esc50\ESC-50-master\audio\3-152020-C-36.wav,unknown
data\raw\noise\esc50\ESC-50-master\audio\3-152039-A-3.wav,unknown
data\raw\noise\esc50\ESC-50-master\audio\3-152039-B-3.wav,unknown
data\raw\noise\esc50\ESC-50-master\audio\3-152594-A-30.wav,impulsive
data\raw\noise\esc50\ESC-50-master\audio\3-152912-A-26.wav,unknown
data\raw\noise\esc50\ESC-50-master\audio\3-152997-A-26.wav,unknown
data\raw\noise\esc50\ESC-50-master\audio\3-153057-A-43.wav,impulsive
data\raw\noise\esc50\ESC-50-master\audio\3-153444-A-32.wav,unknown
data\raw\noise\esc50\ESC-50-master\audio\3-154378-A-30.wav,impulsive
data\raw\noise\esc50\ESC-50-master\audio\3-154439-A-17.wav,non_stationary
data\raw\noise\esc50\ESC-50-master\audio\3-154758-A-44.wav,stationary
data\raw\noise\esc50\ESC-50-master\audio\3-154781-A-32.wav,unknown
data\raw\noise\esc50\ESC-50-master\audio\3-154926-A-40.wav,non_stationary
data\raw\noise\esc50\ESC-50-master\audio\3-154926-B-40.wav,non_stationary
data\raw\noise\esc50\ESC-50-master\audio\3-154957-A-1.wav,unknown
data\raw\noise\esc50\ESC-50-master\audio\3-155130-A-43.wav,impulsive
data\raw\noise\esc50\ESC-50-master\audio\3-155234-A-43.wav,impulsive
data\raw\noise\esc50\ESC-50-master\audio\3-155312-A-0.wav,unknown
data\raw\noise\esc50\ESC-50-master\audio\3-155556-A-31.wav,unknown
data\raw\noise\esc50\ESC-50-master\audio\3-155568-A-32.wav,unknown
data\raw\noise\esc50\ESC-50-master\audio\3-155570-A-32.wav,unknown
data\raw\noise\esc50\ESC-50-master\audio\3-155577-A-14.wav,unknown
data\raw\noise\esc50\ESC-50-master\audio\3-155578-A-14.wav,unknown
data\raw\noise\esc50\ESC-50-master\audio\3-155579-A-14.wav,unknown
data\raw\noise\esc50\ESC-50-master\audio\3-155583-A-14.wav,unknown
data\raw\noise\esc50\ESC-50-master\audio\3-155584-A-14.wav,unknown
data\raw\noise\esc50\ESC-50-master\audio\3-155642-A-11.wav,unknown
data\raw\noise\esc50\ESC-50-master\audio\3-155642-B-11.wav,unknown
data\raw\noise\esc50\ESC-50-master\audio\3-155659-A-34.wav,unknown
data\raw\noise\esc50\ESC-50-master\audio\3-155766-A-13.wav,unknown
data\raw\noise\esc50\ESC-50-master\audio\3-156391-A-35.wav,unknown
data\raw\noise\esc50\ESC-50-master\audio\3-156393-A-35.wav,unknown
data\raw\noise\esc50\ESC-50-master\audio\3-156558-A-21.wav,unknown
data\raw\noise\esc50\ESC-50-master\audio\3-156581-A-14.wav,unknown
data\raw\noise\esc50\ESC-50-master\audio\3-156581-B-14.wav,unknown
data\raw\noise\esc50\ESC-50-master\audio\3-156907-A-15.wav,unknown
data\raw\noise\esc50\ESC-50-master\audio\3-157149-A-10.wav,non_stationary
data\raw\noise\esc50\ESC-50-master\audio\3-157187-A-12.wav,non_stationary
data\raw\noise\esc50\ESC-50-master\audio\3-157487-A-10.wav,non_stationary
data\raw\noise\esc50\ESC-50-master\audio\3-157492-A-45.wav,stationary
data\raw\noise\esc50\ESC-50-master\audio\3-157615-A-10.wav,non_stationary
data\raw\noise\esc50\ESC-50-master\audio\3-157695-A-0.wav,unknown
data\raw\noise\esc50\ESC-50-master\audio\3-158056-A-31.wav,unknown
data\raw\noise\esc50\ESC-50-master\audio\3-158056-B-31.wav,unknown
data\raw\noise\esc50\ESC-50-master\audio\3-158476-A-12.wav,non_stationary
data\raw\noise\esc50\ESC-50-master\audio\3-159346-A-36.wav,unknown
data\raw\noise\esc50\ESC-50-master\audio\3-159346-B-36.wav,unknown
data\raw\noise\esc50\ESC-50-master\audio\3-159347-A-36.wav,unknown
data\raw\noise\esc50\ESC-50-master\audio\3-159347-B-36.wav,unknown
data\raw\noise\esc50\ESC-50-master\audio\3-159348-A-36.wav,unknown
data\raw\noise\esc50\ESC-50-master\audio\3-159445-A-45.wav,stationary
data\raw\noise\esc50\ESC-50-master\audio\3-159445-B-45.wav,stationary
data\raw\noise\esc50\ESC-50-master\audio\3-160119-A-15.wav,unknown
data\raw\noise\esc50\ESC-50-master\audio\3-160993-A-3.wav,unknown
data\raw\noise\esc50\ESC-50-master\audio\3-161010-A-43.wav,impulsive
data\raw\noise\esc50\ESC-50-master\audio\3-161500-A-17.wav,non_stationary
data\raw\noise\esc50\ESC-50-master\audio\3-162786-A-13.wav,unknown
data\raw\noise\esc50\ESC-50-master\audio\3-163288-A-1.wav,unknown
data\raw\noise\esc50\ESC-50-master\audio\3-163459-A-0.wav,unknown
data\raw\noise\esc50\ESC-50-master\audio\3-163607-A-13.wav,unknown
data\raw\noise\esc50\ESC-50-master\audio\3-163607-B-13.wav,unknown
data\raw\noise\esc50\ESC-50-master\audio\3-163727-A-3.wav,unknown
data\raw\noise\esc50\ESC-50-master\audio\3-164120-A-11.wav,unknown
data\raw\noise\esc50\ESC-50-master\audio\3-164216-A-6.wav,unknown
data\raw\noise\esc50\ESC-50-master\audio\3-164216-B-6.wav,unknown
data\raw\noise\esc50\ESC-50-master\audio\3-164216-C-6.wav,unknown
data\raw\noise\esc50\ESC-50-master\audio\3-164592-A-15.wav,unknown
data\raw\noise\esc50\ESC-50-master\audio\3-164593-A-15.wav,unknown
data\raw\noise\esc50\ESC-50-master\audio\3-164594-A-15.wav,unknown
data\raw\noise\esc50\ESC-50-master\audio\3-164595-A-15.wav,unknown
data\raw\noise\esc50\ESC-50-master\audio\3-164630-A-11.wav,unknown
data\raw\noise\esc50\ESC-50-master\audio\3-164688-A-38.wav,unknown
data\raw\noise\esc50\ESC-50-master\audio\3-165856-A-41.wav,unknown
data\raw\noise\esc50\ESC-50-master\audio\3-166125-A-23.wav,non_stationary
data\raw\noise\esc50\ESC-50-master\audio\3-166125-B-23.wav,non_stationary
data\raw\noise\esc50\ESC-50-master\audio\3-166324-A-15.wav,unknown
data\raw\noise\esc50\ESC-50-master\audio\3-166326-A-15.wav,unknown
data\raw\noise\esc50\ESC-50-master\audio\3-166422-A-11.wav,unknown
data\raw\noise\esc50\ESC-50-master\audio\3-166546-A-34.wav,unknown
data\raw\noise\esc50\ESC-50-master\audio\3-166546-B-34.wav,unknown
data\raw\noise\esc50\ESC-50-master\audio\3-167096-A-31.wav,unknown
data\raw\noise\esc50\ESC-50-master\audio\3-169907-A-29.wav,unknown
data\raw\noise\esc50\ESC-50-master\audio\3-170002-A-34.wav,unknown
data\raw\noise\esc50\ESC-50-master\audio\3-170015-A-0.wav,unknown
data\raw\noise\esc50\ESC-50-master\audio\3-170312-A-31.wav,unknown
data\raw\noise\esc50\ESC-50-master\audio\3-170377-A-38.wav,unknown
data\raw\noise\esc50\ESC-50-master\audio\3-170383-A-38.wav,unknown
data\raw\noise\esc50\ESC-50-master\audio\3-170574-A-30.wav,impulsive
data\raw\noise\esc50\ESC-50-master\audio\3-170851-A-31.wav,unknown
data\raw\noise\esc50\ESC-50-master\audio\3-171012-A-38.wav,unknown
data\raw\noise\esc50\ESC-50-master\audio\3-171041-A-38.wav,unknown
data\raw\noise\esc50\ESC-50-master\audio\3-171281-A-6.wav,unknown
data\raw\noise\esc50\ESC-50-master\audio\3-171937-A-34.wav,unknown
data\raw\noise\esc50\ESC-50-master\audio\3-172179-A-31.wav,unknown
data\raw\noise\esc50\ESC-50-master\audio\3-172881-A-48.wav,impulsive
data\raw\noise\esc50\ESC-50-master\audio\3-172922-A-48.wav,impulsive
data\raw\noise\esc50\ESC-50-master\audio\3-174840-A-43.wav,impulsive
data\raw\noise\esc50\ESC-50-master\audio\3-174866-A-29.wav,unknown
data\raw\noise\esc50\ESC-50-master\audio\3-177082-A-22.wav,unknown
data\raw\noise\esc50\ESC-50-master\audio\3-177083-A-22.wav,unknown
data\raw\noise\esc50\ESC-50-master\audio\3-178096-A-6.wav,unknown
data\raw\noise\esc50\ESC-50-master\audio\3-180147-A-30.wav,impulsive
data\raw\noise\esc50\ESC-50-master\audio\3-180256-A-0.wav,unknown
data\raw\noise\esc50\ESC-50-master\audio\3-180977-A-0.wav,unknown
data\raw\noise\esc50\ESC-50-master\audio\3-181132-A-14.wav,unknown
data\raw\noise\esc50\ESC-50-master\audio\3-181278-A-22.wav,unknown
data\raw\noise\esc50\ESC-50-master\audio\3-182023-A-30.wav,impulsive
data\raw\noise\esc50\ESC-50-master\audio\3-182025-A-30.wav,impulsive
data\raw\noise\esc50\ESC-50-master\audio\3-182710-A-35.wav,unknown
data\raw\noise\esc50\ESC-50-master\audio\3-182710-B-35.wav,unknown
data\raw\noise\esc50\ESC-50-master\audio\3-185313-A-31.wav,unknown
data\raw\noise\esc50\ESC-50-master\audio\3-185456-A-29.wav,unknown
data\raw\noise\esc50\ESC-50-master\audio\3-187549-A-6.wav,unknown
data\raw\noise\esc50\ESC-50-master\audio\3-187549-B-6.wav,unknown
data\raw\noise\esc50\ESC-50-master\audio\3-187710-A-11.wav,unknown
data\raw\noise\esc50\ESC-50-master\audio\3-188390-A-6.wav,unknown
data\raw\noise\esc50\ESC-50-master\audio\3-188726-A-35.wav,unknown
data\raw\noise\esc50\ESC-50-master\audio\3-193767-A-47.wav,stationary
data\raw\noise\esc50\ESC-50-master\audio\3-197408-A-8.wav,unknown
data\raw\noise\esc50\ESC-50-master\audio\3-197408-B-8.wav,unknown
data\raw\noise\esc50\ESC-50-master\audio\3-197408-C-8.wav,unknown
data\raw\noise\esc50\ESC-50-master\audio\3-197435-A-22.wav,unknown
data\raw\noise\esc50\ESC-50-master\audio\3-197435-B-22.wav,unknown
data\raw\noise\esc50\ESC-50-master\audio\3-203371-A-39.wav,impulsive
data\raw\noise\esc50\ESC-50-master\audio\3-203373-A-39.wav,impulsive
data\raw\noise\esc50\ESC-50-master\audio\3-203374-A-39.wav,impulsive
data\raw\noise\esc50\ESC-50-master\audio\3-203375-A-39.wav,impulsive
data\raw\noise\esc50\ESC-50-master\audio\3-203377-A-39.wav,impulsive
data\raw\noise\esc50\ESC-50-master\audio\3-20861-A-8.wav,unknown
data\raw\noise\esc50\ESC-50-master\audio\3-208820-A-49.wav,unknown
data\raw\noise\esc50\ESC-50-master\audio\3-216280-A-39.wav,impulsive
data\raw\noise\esc50\ESC-50-master\audio\3-216281-A-39.wav,impulsive
data\raw\noise\esc50\ESC-50-master\audio\3-216284-A-39.wav,impulsive
data\raw\noise\esc50\ESC-50-master\audio\3-233151-A-2.wav,unknown
data\raw\noise\esc50\ESC-50-master\audio\3-243726-A-43.wav,impulsive
data\raw\noise\esc50\ESC-50-master\audio\3-246513-A-16.wav,non_stationary
data\raw\noise\esc50\ESC-50-master\audio\3-246513-B-16.wav,non_stationary
data\raw\noise\esc50\ESC-50-master\audio\3-249913-A-25.wav,non_stationary
data\raw\noise\esc50\ESC-50-master\audio\3-251617-A-48.wav,impulsive
data\raw\noise\esc50\ESC-50-master\audio\3-253081-A-2.wav,unknown
data\raw\noise\esc50\ESC-50-master\audio\3-253084-A-2.wav,unknown
data\raw\noise\esc50\ESC-50-master\audio\3-253084-B-2.wav,unknown
data\raw\noise\esc50\ESC-50-master\audio\3-253084-C-2.wav,unknown
data\raw\noise\esc50\ESC-50-master\audio\3-253084-D-2.wav,unknown
data\raw\noise\esc50\ESC-50-master\audio\3-253084-E-2.wav,unknown
data\raw\noise\esc50\ESC-50-master\audio\3-257858-A-2.wav,unknown
data\raw\noise\esc50\ESC-50-master\audio\3-259622-A-44.wav,stationary
data\raw\noise\esc50\ESC-50-master\audio\3-51376-A-42.wav,stationary
data\raw\noise\esc50\ESC-50-master\audio\3-51731-A-42.wav,stationary
data\raw\noise\esc50\ESC-50-master\audio\3-51731-B-42.wav,stationary
data\raw\noise\esc50\ESC-50-master\audio\3-51909-A-42.wav,stationary
data\raw\noise\esc50\ESC-50-master\audio\3-51909-B-42.wav,stationary
data\raw\noise\esc50\ESC-50-master\audio\3-58772-A-42.wav,stationary
data\raw\noise\esc50\ESC-50-master\audio\3-62878-A-42.wav,stationary
data\raw\noise\esc50\ESC-50-master\audio\3-62878-B-42.wav,stationary
data\raw\noise\esc50\ESC-50-master\audio\3-65748-A-12.wav,non_stationary
data\raw\noise\esc50\ESC-50-master\audio\3-68630-A-40.wav,non_stationary
data\raw\noise\esc50\ESC-50-master\audio\3-68630-B-40.wav,non_stationary
data\raw\noise\esc50\ESC-50-master\audio\3-68630-C-40.wav,non_stationary
data\raw\noise\esc50\ESC-50-master\audio\3-70962-A-4.wav,unknown
data\raw\noise\esc50\ESC-50-master\audio\3-70962-B-4.wav,unknown
data\raw\noise\esc50\ESC-50-master\audio\3-70962-C-4.wav,unknown
data\raw\noise\esc50\ESC-50-master\audio\3-71964-A-4.wav,unknown
data\raw\noise\esc50\ESC-50-master\audio\3-71964-B-4.wav,unknown
data\raw\noise\esc50\ESC-50-master\audio\3-71964-C-4.wav,unknown
data\raw\noise\esc50\ESC-50-master\audio\3-83527-A-4.wav,unknown
data\raw\noise\esc50\ESC-50-master\audio\3-87936-A-46.wav,unknown
data\raw\noise\esc50\ESC-50-master\audio\3-87936-B-46.wav,unknown
data\raw\noise\esc50\ESC-50-master\audio\3-92637-A-18.wav,unknown
data\raw\noise\esc50\ESC-50-master\audio\3-93010-A-18.wav,unknown
data\raw\noise\esc50\ESC-50-master\audio\3-94342-A-25.wav,non_stationary
data\raw\noise\esc50\ESC-50-master\audio\3-94343-A-25.wav,non_stationary
data\raw\noise\esc50\ESC-50-master\audio\3-94344-A-25.wav,non_stationary
data\raw\noise\esc50\ESC-50-master\audio\3-94355-A-33.wav,non_stationary
data\raw\noise\esc50\ESC-50-master\audio\3-95694-A-5.wav,unknown
data\raw\noise\esc50\ESC-50-master\audio\3-95695-A-5.wav,unknown
data\raw\noise\esc50\ESC-50-master\audio\3-95695-B-5.wav,unknown
data\raw\noise\esc50\ESC-50-master\audio\3-95697-A-5.wav,unknown
data\raw\noise\esc50\ESC-50-master\audio\3-95698-A-5.wav,unknown
data\raw\noise\esc50\ESC-50-master\audio\3-96606-A-49.wav,unknown
data\raw\noise\esc50\ESC-50-master\audio\3-96606-B-49.wav,unknown
data\raw\noise\esc50\ESC-50-master\audio\3-97909-A-49.wav,unknown
data\raw\noise\esc50\ESC-50-master\audio\3-97909-B-49.wav,unknown
data\raw\noise\esc50\ESC-50-master\audio\3-98193-A-46.wav,unknown
data\raw\noise\esc50\ESC-50-master\audio\3-98771-A-18.wav,unknown
data\raw\noise\esc50\ESC-50-master\audio\3-98869-A-46.wav,unknown
data\raw\noise\esc50\ESC-50-master\audio\4-102844-A-49.wav,unknown
data\raw\noise\esc50\ESC-50-master\audio\4-102844-B-49.wav,unknown
data\raw\noise\esc50\ESC-50-master\audio\4-102844-C-49.wav,unknown
data\raw\noise\esc50\ESC-50-master\audio\4-102871-A-42.wav,stationary
data\raw\noise\esc50\ESC-50-master\audio\4-107117-A-33.wav,non_stationary
data\raw\noise\esc50\ESC-50-master\audio\4-107120-A-33.wav,non_stationary
data\raw\noise\esc50\ESC-50-master\audio\4-107122-A-33.wav,non_stationary
data\raw\noise\esc50\ESC-50-master\audio\4-108352-A-33.wav,non_stationary
data\raw\noise\esc50\ESC-50-master\audio\4-111671-A-42.wav,stationary
data\raw\noise\esc50\ESC-50-master\audio\4-111671-B-42.wav,stationary
data\raw\noise\esc50\ESC-50-master\audio\4-117627-A-25.wav,non_stationary
data\raw\noise\esc50\ESC-50-master\audio\4-117630-A-25.wav,non_stationary
data\raw\noise\esc50\ESC-50-master\audio\4-119647-A-48.wav,impulsive
data\raw\noise\esc50\ESC-50-master\audio\4-119647-B-48.wav,impulsive
data\raw\noise\esc50\ESC-50-master\audio\4-119647-C-48.wav,impulsive
data\raw\noise\esc50\ESC-50-master\audio\4-119647-D-48.wav,impulsive
data\raw\noise\esc50\ESC-50-master\audio\4-119648-A-48.wav,impulsive
data\raw\noise\esc50\ESC-50-master\audio\4-119648-B-48.wav,impulsive
data\raw\noise\esc50\ESC-50-master\audio\4-119648-C-48.wav,impulsive
data\raw\noise\esc50\ESC-50-master\audio\4-119648-D-48.wav,impulsive
data\raw\noise\esc50\ESC-50-master\audio\4-119720-A-18.wav,unknown
data\raw\noise\esc50\ESC-50-master\audio\4-120160-A-5.wav,unknown
data\raw\noise\esc50\ESC-50-master\audio\4-121532-A-42.wav,stationary
data\raw\noise\esc50\ESC-50-master\audio\4-123680-A-18.wav,unknown
data\raw\noise\esc50\ESC-50-master\audio\4-125070-A-19.wav,non_stationary
data\raw\noise\esc50\ESC-50-master\audio\4-125071-A-19.wav,non_stationary
data\raw\noise\esc50\ESC-50-master\audio\4-125072-A-19.wav,non_stationary
data\raw\noise\esc50\ESC-50-master\audio\4-125072-B-19.wav,non_stationary
data\raw\noise\esc50\ESC-50-master\audio\4-125825-A-46.wav,unknown
data\raw\noise\esc50\ESC-50-master\audio\4-125825-B-46.wav,unknown
data\raw\noise\esc50\ESC-50-master\audio\4-125929-A-40.wav,non_stationary
data\raw\noise\esc50\ESC-50-master\audio\4-126046-A-18.wav,unknown
data\raw\noise\esc50\ESC-50-master\audio\4-126532-A-18.wav,unknown
data\raw\noise\esc50\ESC-50-master\audio\4-128659-A-33.wav,non_stationary
data\raw\noise\esc50\ESC-50-master\audio\4-130584-A-4.wav,unknown
data\raw\noise\esc50\ESC-50-master\audio\4-130891-A-7.wav,unknown
data\raw\noise\esc50\ESC-50-master\audio\4-132383-A-2.wav,unknown
data\raw\noise\esc50\ESC-50-master\audio\4-132383-B-2.wav,unknown
data\raw\noise\esc50\ESC-50-master\audio\4-132803-A-26.wav,unknown
data\raw\noise\esc50\ESC-50-master\audio\4-132810-A-26.wav,unknown
data\raw\noise\esc50\ESC-50-master\audio\4-132816-A-26.wav,unknown
data\raw\noise\esc50\ESC-50-master\audio\4-132839-A-33.wav,non_stationary
data\raw\noise\esc50\ESC-50-master\audio\4-133047-A-5.wav,unknown
data\raw\noise\esc50\ESC-50-master\audio\4-133047-B-5.wav,unknown
data\raw\noise\esc50\ESC-50-master\audio\4-133047-C-5.wav,unknown
data\raw\noise\esc50\ESC-50-master\audio\4-133674-A-26.wav,unknown
data\raw\noise\esc50\ESC-50-master\audio\4-133895-A-7.wav,unknown
data\raw\noise\esc50\ESC-50-master\audio\4-135439-A-18.wav,unknown
data\raw\noise\esc50\ESC-50-master\audio\4-136381-A-9.wav,unknown
data\raw\noise\esc50\ESC-50-master\audio\4-138344-A-9.wav,unknown
data\raw\noise\esc50\ESC-50-master\audio\4-140034-A-46.wav,unknown
data\raw\noise\esc50\ESC-50-master\audio\4-141365-A-18.wav,unknown
data\raw\noise\esc50\ESC-50-master\audio\4-143118-A-7.wav,unknown
data\raw\noise\esc50\ESC-50-master\audio\4-143118-B-7.wav,unknown
data\raw\noise\esc50\ESC-50-master\audio\4-144083-A-16.wav,non_stationary
data\raw\noise\esc50\ESC-50-master\audio\4-144083-B-16.wav,non_stationary
data\raw\noise\esc50\ESC-50-master\audio\4-144083-C-16.wav,non_stationary
data\raw\noise\esc50\ESC-50-master\audio\4-144085-A-16.wav,non_stationary
data\raw\noise\esc50\ESC-50-master\audio\4-144468-A-27.wav,unknown
data\raw\noise\esc50\ESC-50-master\audio\4-144468-B-27.wav,unknown
data\raw\noise\esc50\ESC-50-master\audio\4-145006-A-18.wav,unknown
data\raw\noise\esc50\ESC-50-master\audio\4-145081-A-9.wav,unknown
data\raw\noise\esc50\ESC-50-master\audio\4-146200-A-36.wav,unknown
data\raw\noise\esc50\ESC-50-master\audio\4-147240-A-2.wav,unknown
data\raw\noise\esc50\ESC-50-master\audio\4-147240-B-2.wav,unknown
data\raw\noise\esc50\ESC-50-master\audio\4-147657-A-46.wav,unknown
data\raw\noise\esc50\ESC-50-master\audio\4-147658-A-46.wav,unknown
data\raw\noise\esc50\ESC-50-master\audio\4-149294-A-41.wav,unknown
data\raw\noise\esc50\ESC-50-master\audio\4-149294-B-41.wav,unknown
data\raw\noise\esc50\ESC-50-master\audio\4-149940-A-5.wav,unknown
data\raw\noise\esc50\ESC-50-master\audio\4-149940-B-5.wav,unknown
data\raw\noise\esc50\ESC-50-master\audio\4-150364-A-46.wav,unknown
data\raw\noise\esc50\ESC-50-master\audio\4-150364-B-46.wav,unknown
data\raw\noise\esc50\ESC-50-master\audio\4-151242-A-37.wav,unknown
data\raw\noise\esc50\ESC-50-master\audio\4-152958-A-18.wav,unknown
data\raw\noise\esc50\ESC-50-master\audio\4-152995-A-24.wav,non_stationary
data\raw\noise\esc50\ESC-50-master\audio\4-154405-A-27.wav,unknown
data\raw\noise\esc50\ESC-50-master\audio\4-154405-B-27.wav,unknown
data\raw\noise\esc50\ESC-50-master\audio\4-154443-A-24.wav,non_stationary
data\raw\noise\esc50\ESC-50-master\audio\4-154793-A-4.wav,unknown
data\raw\noise\esc50\ESC-50-master\audio\4-155650-A-24.wav,non_stationary
data\raw\noise\esc50\ESC-50-master\audio\4-155650-B-24.wav,non_stationary
data\raw\noise\esc50\ESC-50-master\audio\4-155670-A-26.wav,unknown
data\raw\noise\esc50\ESC-50-master\audio\4-156227-A-9.wav,unknown
data\raw\noise\esc50\ESC-50-master\audio\4-156827-A-46.wav,unknown
data\raw\noise\esc50\ESC-50-master\audio\4-156843-A-21.wav,unknown
data\raw\noise\esc50\ESC-50-master\audio\4-156844-A-21.wav,unknown
data\raw\noise\esc50\ESC-50-master\audio\4-156993-A-19.wav,non_stationary
data\raw\noise\esc50\ESC-50-master\audio\4-157296-A-24.wav,non_stationary
data\raw\noise\esc50\ESC-50-master\audio\4-157297-A-21.wav,unknown
data\raw\noise\esc50\ESC-50-master\audio\4-157611-A-41.wav,unknown
data\raw\noise\esc50\ESC-50-master\audio\4-157611-B-41.wav,unknown
data\raw\noise\esc50\ESC-50-master\audio\4-158653-A-32.wav,unknown
data\raw\noise\esc50\ESC-50-master\audio\4-159426-A-9.wav,unknown
data\raw\noise\esc50\ESC-50-master\audio\4-159609-A-14.wav,unknown
data\raw\noise\esc50\ESC-50-master\audio\4-159609-B-14.wav,unknown
data\raw\noise\esc50\ESC-50-master\audio\4-160036-A-33.wav,non_stationary
data\raw\noise\esc50\ESC-50-master\audio\4-160036-B-33.wav,non_stationary
data\raw\noise\esc50\ESC-50-master\audio\4-160999-A-10.wav,non_stationary
data\raw\noise\esc50\ESC-50-master\audio\4-161099-A-47.wav,stationary
data\raw\noise\esc50\ESC-50-master\audio\4-161099-B-47.wav,stationary
data\raw\noise\esc50\ESC-50-master\audio\4-161100-A-47.wav,stationary
data\raw\noise\esc50\ESC-50-master\audio\4-161103-A-47.wav,stationary
data\raw\noise\esc50\ESC-50-master\audio\4-161105-A-47.wav,stationary
data\raw\noise\esc50\ESC-50-master\audio\4-161105-B-47.wav,stationary
data\raw\noise\esc50\ESC-50-master\audio\4-161127-A-10.wav,non_stationary
data\raw\noise\esc50\ESC-50-master\audio\4-161303-A-5.wav,unknown
data\raw\noise\esc50\ESC-50-master\audio\4-161303-B-5.wav,unknown
data\raw\noise\esc50\ESC-50-master\audio\4-161519-A-19.wav,non_stationary
data\raw\noise\esc50\ESC-50-master\audio\4-161579-A-40.wav,non_stationary
data\raw\noise\esc50\ESC-50-master\audio\4-161579-B-40.wav,non_stationary
data\raw\noise\esc50\ESC-50-master\audio\4-163264-A-10.wav,non_stationary
data\raw\noise\esc50\ESC-50-master\audio\4-163606-A-16.wav,non_stationary
data\raw\noise\esc50\ESC-50-master\audio\4-163608-B-16.wav,non_stationary
data\raw\noise\esc50\ESC-50-master\audio\4-163609-A-16.wav,non_stationary
data\raw\noise\esc50\ESC-50-master\audio\4-163609-B-16.wav,non_stationary
data\raw\noise\esc50\ESC-50-master\audio\4-163697-A-13.wav,unknown
data\raw\noise\esc50\ESC-50-master\audio\4-164021-A-1.wav,unknown
data\raw\noise\esc50\ESC-50-master\audio\4-164064-A-1.wav,unknown
data\raw\noise\esc50\ESC-50-master\audio\4-164064-B-1.wav,unknown
data\raw\noise\esc50\ESC-50-master\audio\4-164064-C-1.wav,unknown
data\raw\noise\esc50\ESC-50-master\audio\4-164206-A-10.wav,non_stationary
data\raw\noise\esc50\ESC-50-master\audio\4-164243-A-26.wav,unknown
data\raw\noise\esc50\ESC-50-master\audio\4-164661-A-12.wav,non_stationary
data\raw\noise\esc50\ESC-50-master\audio\4-164661-B-12.wav,non_stationary
data\raw\noise\esc50\ESC-50-master\audio\4-164859-A-1.wav,unknown
data\raw\noise\esc50\ESC-50-master\audio\4-165606-A-45.wav,stationary
data\raw\noise\esc50\ESC-50-master\audio\4-165791-A-45.wav,stationary
data\raw\noise\esc50\ESC-50-master\audio\4-165791-B-45.wav,stationary
data\raw\noise\esc50\ESC-50-master\audio\4-165813-A-19.wav,non_stationary
data\raw\noise\esc50\ESC-50-master\audio\4-165813-B-19.wav,non_stationary
data\raw\noise\esc50\ESC-50-master\audio\4-165823-A-41.wav,unknown
data\raw\noise\esc50\ESC-50-master\audio\4-165823-B-41.wav,unknown
data\raw\noise\esc50\ESC-50-master\audio\4-165845-A-45.wav,stationary
data\raw\noise\esc50\ESC-50-master\audio\4-165845-B-45.wav,stationary
data\raw\noise\esc50\ESC-50-master\audio\4-165933-A-45.wav,stationary
data\raw\noise\esc50\ESC-50-master\audio\4-166661-A-10.wav,non_stationary
data\raw\noise\esc50\ESC-50-master\audio\4-167063-A-11.wav,unknown
data\raw\noise\esc50\ESC-50-master\audio\4-167063-B-11.wav,unknown
data\raw\noise\esc50\ESC-50-master\audio\4-167063-C-11.wav,unknown
data\raw\noise\esc50\ESC-50-master\audio\4-167077-A-20.wav,unknown
data\raw\noise\esc50\ESC-50-master\audio\4-167077-B-20.wav,unknown
data\raw\noise\esc50\ESC-50-master\audio\4-167077-C-20.wav,unknown
data\raw\noise\esc50\ESC-50-master\audio\4-167155-A-32.wav,unknown
data\raw\noise\esc50\ESC-50-master\audio\4-167571-A-26.wav,unknown
data\raw\noise\esc50\ESC-50-master\audio\4-167642-A-21.wav,unknown
data\raw\noise\esc50\ESC-50-master\audio\4-168155-A-15.wav,unknown
data\raw\noise\esc50\ESC-50-master\audio\4-168446-A-45.wav,stationary
data\raw\noise\esc50\ESC-50-master\audio\4-168868-A-17.wav,non_stationary
data\raw\noise\esc50\ESC-50-master\audio\4-169127-A-41.wav,unknown
data\raw\noise\esc50\ESC-50-master\audio\4-169127-B-41.wav,unknown
data\raw\noise\esc50\ESC-50-master\audio\4-169508-A-37.wav,unknown
data\raw\noise\esc50\ESC-50-master\audio\4-169726-A-24.wav,non_stationary
data\raw\noise\esc50\ESC-50-master\audio\4-170078-A-1.wav,unknown
data\raw\noise\esc50\ESC-50-master\audio\4-170247-A-12.wav,non_stationary
data\raw\noise\esc50\ESC-50-master\audio\4-170247-B-12.wav,non_stationary
data\raw\noise\esc50\ESC-50-master\audio\4-171207-A-12.wav,non_stationary
data\raw\noise\esc50\ESC-50-master\audio\4-171396-A-24.wav,non_stationary
data\raw\noise\esc50\ESC-50-master\audio\4-171519-A-21.wav,unknown
data\raw\noise\esc50\ESC-50-master\audio\4-171652-A-44.wav,stationary
data\raw\noise\esc50\ESC-50-master\audio\4-171706-A-23.wav,non_stationary
data\raw\noise\esc50\ESC-50-master\audio\4-171823-A-13.wav,unknown
data\raw\noise\esc50\ESC-50-master\audio\4-172143-A-13.wav,unknown
data\raw\noise\esc50\ESC-50-master\audio\4-172180-A-32.wav,unknown
data\raw\noise\esc50\ESC-50-master\audio\4-172366-A-37.wav,unknown
data\raw\noise\esc50\ESC-50-master\audio\4-172377-A-17.wav,non_stationary
data\raw\noise\esc50\ESC-50-master\audio\4-172500-A-27.wav,unknown
data\raw\noise\esc50\ESC-50-master\audio\4-172500-B-27.wav,unknown
data\raw\noise\esc50\ESC-50-master\audio\4-172500-C-27.wav,unknown
data\raw\noise\esc50\ESC-50-master\audio\4-172500-D-27.wav,unknown
data\raw\noise\esc50\ESC-50-master\audio\4-172732-A-36.wav,unknown
data\raw\noise\esc50\ESC-50-master\audio\4-172733-A-36.wav,unknown
data\raw\noise\esc50\ESC-50-master\audio\4-172734-A-36.wav,unknown
data\raw\noise\esc50\ESC-50-master\audio\4-172736-A-36.wav,unknown
data\raw\noise\esc50\ESC-50-master\audio\4-172736-B-36.wav,unknown
data\raw\noise\esc50\ESC-50-master\audio\4-172742-A-32.wav,unknown
data\raw\noise\esc50\ESC-50-master\audio\4-173865-A-9.wav,unknown
data\raw\noise\esc50\ESC-50-master\audio\4-173865-B-9.wav,unknown
data\raw\noise\esc50\ESC-50-master\audio\4-174797-A-15.wav,unknown
data\raw\noise\esc50\ESC-50-master\audio\4-174860-A-3.wav,unknown
data\raw\noise\esc50\ESC-50-master\audio\4-174860-B-3.wav,unknown
data\raw\noise\esc50\ESC-50-master\audio\4-175000-A-40.wav,non_stationary
data\raw\noise\esc50\ESC-50-master\audio\4-175000-B-40.wav,non_stationary
data\raw\noise\esc50\ESC-50-master\audio\4-175000-C-40.wav,non_stationary
data\raw\noise\esc50\ESC-50-master\audio\4-175025-A-34.wav,unknown
data\raw\noise\esc50\ESC-50-master\audio\4-175845-A-43.wav,impulsive
data\raw\noise\esc50\ESC-50-master\audio\4-175846-A-43.wav,impulsive
data\raw\noise\esc50\ESC-50-master\audio\4-175855-A-43.wav,impulsive
data\raw\noise\esc50\ESC-50-master\audio\4-175856-A-43.wav,impulsive
data\raw\noise\esc50\ESC-50-master\audio\4-175945-A-38.wav,unknown
data\raw\noise\esc50\ESC-50-master\audio\4-176631-A-43.wav,impulsive
data\raw\noise\esc50\ESC-50-master\audio\4-176638-A-43.wav,impulsive
data\raw\noise\esc50\ESC-50-master\audio\4-176914-A-23.wav,non_stationary
data\raw\noise\esc50\ESC-50-master\audio\4-177243-A-32.wav,unknown
data\raw\noise\esc50\ESC-50-master\audio\4-177250-A-10.wav,non_stationary
data\raw\noise\esc50\ESC-50-master\audio\4-177835-A-24.wav,non_stationary
data\raw\noise\esc50\ESC-50-master\audio\4-178402-A-43.wav,impulsive
data\raw\noise\esc50\ESC-50-master\audio\4-178881-A-45.wav,stationary
data\raw\noise\esc50\ESC-50-master\audio\4-179836-A-34.wav,unknown
data\raw\noise\esc50\ESC-50-master\audio\4-179984-A-38.wav,unknown
data\raw\noise\esc50\ESC-50-master\audio\4-180337-A-28.wav,unknown
data\raw\noise\esc50\ESC-50-master\audio\4-180380-A-10.wav,non_stationary
data\raw\noise\esc50\ESC-50-master\audio\4-180453-A-17.wav,non_stationary
data\raw\noise\esc50\ESC-50-master\audio\4-181035-A-38.wav,unknown
data\raw\noise\esc50\ESC-50-master\audio\4-181286-A-10.wav,non_stationary
data\raw\noise\esc50\ESC-50-master\audio\4-181362-A-13.wav,unknown
data\raw\noise\esc50\ESC-50-master\audio\4-181563-A-12.wav,non_stationary
data\raw\noise\esc50\ESC-50-master\audio\4-181599-A-26.wav,unknown
data\raw\noise\esc50\ESC-50-master\audio\4-181628-A-17.wav,non_stationary
data\raw\noise\esc50\ESC-50-master\audio\4-181707-A-32.wav,unknown
data\raw\noise\esc50\ESC-50-master\audio\4-181708-A-32.wav,unknown
data\raw\noise\esc50\ESC-50-master\audio\4-181865-A-38.wav,unknown
data\raw\noise\esc50\ESC-50-master\audio\4-181955-A-3.wav,unknown
data\raw\noise\esc50\ESC-50-master\audio\4-181955-B-3.wav,unknown
data\raw\noise\esc50\ESC-50-master\audio\4-181955-C-3.wav,unknown
data\raw\noise\esc50\ESC-50-master\audio\4-181999-A-36.wav,unknown
data\raw\noise\esc50\ESC-50-master\audio\4-182034-A-30.wav,impulsive
data\raw\noise\esc50\ESC-50-master\audio\4-182039-A-30.wav,impulsive
data\raw\noise\esc50\ESC-50-master\audio\4-182041-A-30.wav,impulsive
data\raw\noise\esc50\ESC-50-master\audio\4-182314-A-7.wav,unknown
data\raw\noise\esc50\ESC-50-master\audio\4-182314-B-7.wav,unknown
data\raw\noise\esc50\ESC-50-master\audio\4-182368-A-12.wav,non_stationary
data\raw\noise\esc50\ESC-50-master\audio\4-182369-A-12.wav,non_stationary
data\raw\noise\esc50\ESC-50-master\audio\4-182395-A-0.wav,unknown
data\raw\noise\esc50\ESC-50-master\audio\4-182613-A-11.wav,unknown
data\raw\noise\esc50\ESC-50-master\audio\4-182613-B-11.wav,unknown
data\raw\noise\esc50\ESC-50-master\audio\4-182795-A-14.wav,unknown
data\raw\noise\esc50\ESC-50-master\audio\4-182839-A-17.wav,non_stationary
data\raw\noise\esc50\ESC-50-master\audio\4-183487-A-1.wav,unknown
data\raw\noise\esc50\ESC-50-master\audio\4-183882-A-28.wav,unknown
data\raw\noise\esc50\ESC-50-master\audio\4-183882-B-28.wav,unknown
data\raw\noise\esc50\ESC-50-master\audio\4-183992-A-0.wav,unknown
data\raw\noise\esc50\ESC-50-master\audio\4-184235-A-28.wav,unknown
data\raw\noise\esc50\ESC-50-master\audio\4-184237-A-28.wav,unknown
data\raw\noise\esc50\ESC-50-master\audio\4-184434-A-21.wav,unknown
data\raw\noise\esc50\ESC-50-master\audio\4-184575-A-0.wav,unknown
data\raw\noise\esc50\ESC-50-master\audio\4-185415-A-21.wav,unknown
data\raw\noise\esc50\ESC-50-master\audio\4-185575-A-20.wav,unknown
data\raw\noise\esc50\ESC-50-master\audio\4-185575-B-20.wav,unknown
data\raw\noise\esc50\ESC-50-master\audio\4-185575-C-20.wav,unknown
data\raw\noise\esc50\ESC-50-master\audio\4-185613-A-32.wav,unknown
data\raw\noise\esc50\ESC-50-master\audio\4-185619-A-21.wav,unknown
data\raw\noise\esc50\ESC-50-master\audio\4-186518-A-30.wav,impulsive
data\raw\noise\esc50\ESC-50-master\audio\4-186693-A-17.wav,non_stationary
data\raw\noise\esc50\ESC-50-master\audio\4-186935-A-44.wav,stationary
data\raw\noise\esc50\ESC-50-master\audio\4-186936-A-44.wav,stationary
data\raw\noise\esc50\ESC-50-master\audio\4-186938-A-44.wav,stationary
data\raw\noise\esc50\ESC-50-master\audio\4-186940-A-44.wav,stationary
data\raw\noise\esc50\ESC-50-master\audio\4-186962-A-44.wav,stationary
data\raw\noise\esc50\ESC-50-master\audio\4-187284-A-30.wav,impulsive
data\raw\noise\esc50\ESC-50-master\audio\4-187384-A-34.wav,unknown
data\raw\noise\esc50\ESC-50-master\audio\4-187504-A-17.wav,non_stationary
data\raw\noise\esc50\ESC-50-master\audio\4-187504-B-17.wav,non_stationary
data\raw\noise\esc50\ESC-50-master\audio\4-187769-A-14.wav,unknown
data\raw\noise\esc50\ESC-50-master\audio\4-187769-B-14.wav,unknown
data\raw\noise\esc50\ESC-50-master\audio\4-188003-A-34.wav,unknown
data\raw\noise\esc50\ESC-50-master\audio\4-188033-A-38.wav,unknown
data\raw\noise\esc50\ESC-50-master\audio\4-188191-A-29.wav,unknown
data\raw\noise\esc50\ESC-50-master\audio\4-188191-B-29.wav,unknown
data\raw\noise\esc50\ESC-50-master\audio\4-188191-C-29.wav,unknown
data\raw\noise\esc50\ESC-50-master\audio\4-188287-A-9.wav,unknown
data\raw\noise\esc50\ESC-50-master\audio\4-188293-A-15.wav,unknown
data\raw\noise\esc50\ESC-50-master\audio\4-188293-B-15.wav,unknown
data\raw\noise\esc50\ESC-50-master\audio\4-188595-A-29.wav,unknown
data\raw\noise\esc50\ESC-50-master\audio\4-188703-A-8.wav,unknown
data\raw\noise\esc50\ESC-50-master\audio\4-188703-B-8.wav,unknown
data\raw\noise\esc50\ESC-50-master\audio\4-188703-C-8.wav,unknown
data\raw\noise\esc50\ESC-50-master\audio\4-188703-D-8.wav,unknown
data\raw\noise\esc50\ESC-50-master\audio\4-188878-A-30.wav,impulsive
data\raw\noise\esc50\ESC-50-master\audio\4-189332-A-37.wav,unknown
data\raw\noise\esc50\ESC-50-master\audio\4-189828-A-22.wav,unknown
data\raw\noise\esc50\ESC-50-master\audio\4-189830-A-22.wav,unknown
data\raw\noise\esc50\ESC-50-master\audio\4-189832-A-22.wav,unknown
data\raw\noise\esc50\ESC-50-master\audio\4-189832-B-22.wav,unknown
data\raw\noise\esc50\ESC-50-master\audio\4-189833-A-22.wav,unknown
data\raw\noise\esc50\ESC-50-master\audio\4-189836-A-22.wav,unknown
data\raw\noise\esc50\ESC-50-master\audio\4-189838-A-22.wav,unknown
data\raw\noise\esc50\ESC-50-master\audio\4-191015-A-43.wav,impulsive
data\raw\noise\esc50\ESC-50-master\audio\4-191246-A-7.wav,unknown
data\raw\noise\esc50\ESC-50-master\audio\4-191246-B-7.wav,unknown
data\raw\noise\esc50\ESC-50-master\audio\4-191297-A-28.wav,unknown
data\raw\noise\esc50\ESC-50-master\audio\4-191327-A-38.wav,unknown
data\raw\noise\esc50\ESC-50-master\audio\4-191687-A-0.wav,unknown
data\raw\noise\esc50\ESC-50-master\audio\4-192068-A-31.wav,unknown
data\raw\noise\esc50\ESC-50-master\audio\4-192236-A-0.wav,unknown
data\raw\noise\esc50\ESC-50-master\audio\4-193480-A-40.wav,non_stationary
data\raw\noise\esc50\ESC-50-master\audio\4-193480-B-40.wav,non_stationary
data\raw\noise\esc50\ESC-50-master\audio\4-194246-A-13.wav,unknown
data\raw\noise\esc50\ESC-50-master\audio\4-194680-A-36.wav,unknown
data\raw\noise\esc50\ESC-50-master\audio\4-194711-A-38.wav,unknown
data\raw\noise\esc50\ESC-50-master\audio\4-194754-A-0.wav,unknown
data\raw\noise\esc50\ESC-50-master\audio\4-194808-A-29.wav,unknown
data\raw\noise\esc50\ESC-50-master\audio\4-194979-A-25.wav,non_stationary
data\raw\noise\esc50\ESC-50-master\audio\4-194981-A-25.wav,non_stationary
data\raw\noise\esc50\ESC-50-master\audio\4-195305-A-31.wav,unknown
data\raw\noise\esc50\ESC-50-master\audio\4-195451-A-44.wav,stationary
data\raw\noise\esc50\ESC-50-master\audio\4-195497-A-11.wav,unknown
data\raw\noise\esc50\ESC-50-master\audio\4-195497-B-11.wav,unknown
data\raw\noise\esc50\ESC-50-master\audio\4-195707-A-13.wav,unknown
data\raw\noise\esc50\ESC-50-master\audio\4-195805-A-13.wav,unknown
data\raw\noise\esc50\ESC-50-master\audio\4-196671-A-8.wav,unknown
data\raw\noise\esc50\ESC-50-master\audio\4-196671-B-8.wav,unknown
data\raw\noise\esc50\ESC-50-master\audio\4-196672-A-8.wav,unknown
data\raw\noise\esc50\ESC-50-master\audio\4-197103-A-6.wav,unknown
data\raw\noise\esc50\ESC-50-master\audio\4-197454-A-28.wav,unknown
data\raw\noise\esc50\ESC-50-master\audio\4-197454-B-28.wav,unknown
data\raw\noise\esc50\ESC-50-master\audio\4-197871-A-15.wav,unknown
data\raw\noise\esc50\ESC-50-master\audio\4-198025-A-23.wav,non_stationary
data\raw\noise\esc50\ESC-50-master\audio\4-198360-A-49.wav,unknown
data\raw\noise\esc50\ESC-50-master\audio\4-198360-B-49.wav,unknown
data\raw\noise\esc50\ESC-50-master\audio\4-198360-C-49.wav,unknown
data\raw\noise\esc50\ESC-50-master\audio\4-198841-A-37.wav,unknown
data\raw\noise\esc50\ESC-50-master\audio\4-198962-A-25.wav,non_stationary
data\raw\noise\esc50\ESC-50-master\audio\4-198962-B-25.wav,non_stationary
data\raw\noise\esc50\ESC-50-master\audio\4-198965-A-38.wav,unknown
data\raw\noise\esc50\ESC-50-master\audio\4-199261-A-0.wav,unknown
data\raw\noise\esc50\ESC-50-master\audio\4-200330-A-6.wav,unknown
data\raw\noise\esc50\ESC-50-master\audio\4-200330-B-6.wav,unknown
data\raw\noise\esc50\ESC-50-master\audio\4-201300-A-31.wav,unknown
data\raw\noise\esc50\ESC-50-master\audio\4-201800-A-31.wav,unknown
data\raw\noise\esc50\ESC-50-master\audio\4-201988-A-44.wav,stationary
data\raw\noise\esc50\ESC-50-master\audio\4-202298-A-31.wav,unknown
data\raw\noise\esc50\ESC-50-master\audio\4-202749-A-13.wav,unknown
data\raw\noise\esc50\ESC-50-master\audio\4-204115-A-39.wav,impulsive
data\raw\noise\esc50\ESC-50-master\audio\4-204119-A-39.wav,impulsive
data\raw\noise\esc50\ESC-50-master\audio\4-204121-A-39.wav,impulsive
data\raw\noise\esc50\ESC-50-master\audio\4-204123-A-39.wav,impulsive
data\raw\noise\esc50\ESC-50-master\audio\4-204202-A-29.wav,unknown
data\raw\noise\esc50\ESC-50-master\audio\4-204612-A-31.wav,unknown
data\raw\noise\esc50\ESC-50-master\audio\4-204618-A-11.wav,unknown
data\raw\noise\esc50\ESC-50-master\audio\4-204683-A-31.wav,unknown
data\raw\noise\esc50\ESC-50-master\audio\4-204684-A-37.wav,unknown
data\raw\noise\esc50\ESC-50-master\audio\4-204777-A-39.wav,impulsive
data\raw\noise\esc50\ESC-50-master\audio\4-204777-B-39.wav,impulsive
data\raw\noise\esc50\ESC-50-master\audio\4-204777-C-39.wav,impulsive
data\raw\noise\esc50\ESC-50-master\audio\4-204830-A-6.wav,unknown
data\raw\noise\esc50\ESC-50-master\audio\4-205526-A-23.wav,non_stationary
data\raw\noise\esc50\ESC-50-master\audio\4-205526-B-23.wav,non_stationary
data\raw\noise\esc50\ESC-50-master\audio\4-205738-A-22.wav,unknown
data\raw\noise\esc50\ESC-50-master\audio\4-207116-A-23.wav,non_stationary
data\raw\noise\esc50\ESC-50-master\audio\4-207124-A-0.wav,unknown
data\raw\noise\esc50\ESC-50-master\audio\4-208021-A-1.wav,unknown
data\raw\noise\esc50\ESC-50-master\audio\4-209536-A-37.wav,unknown
data\raw\noise\esc50\ESC-50-master\audio\4-209698-A-37.wav,unknown
data\raw\noise\esc50\ESC-50-master\audio\4-210000-A-23.wav,non_stationary
data\raw\noise\esc50\ESC-50-master\audio\4-210000-B-23.wav,non_stationary
data\raw\noise\esc50\ESC-50-master\audio\4-210309-A-31.wav,unknown
data\raw\noise\esc50\ESC-50-master\audio\4-210593-A-29.wav,unknown
data\raw\noise\esc50\ESC-50-master\audio\4-211502-A-30.wav,impulsive
data\raw\noise\esc50\ESC-50-master\audio\4-212604-A-15.wav,unknown
data\raw\noise\esc50\ESC-50-master\audio\4-212604-B-15.wav,unknown
data\raw\noise\esc50\ESC-50-master\audio\4-212604-C-15.wav,unknown
data\raw\noise\esc50\ESC-50-master\audio\4-212698-A-39.wav,impulsive
data\raw\noise\esc50\ESC-50-master\audio\4-212728-A-34.wav,unknown
data\raw\noise\esc50\ESC-50-master\audio\4-213193-A-29.wav,unknown
data\raw\noise\esc50\ESC-50-master\audio\4-213915-A-3.wav,unknown
data\raw\noise\esc50\ESC-50-master\audio\4-213915-B-3.wav,unknown
data\raw\noise\esc50\ESC-50-master\audio\4-213915-C-3.wav,unknown
data\raw\noise\esc50\ESC-50-master\audio\4-215635-A-34.wav,unknown
data\raw\noise\esc50\ESC-50-master\audio\4-216211-A-14.wav,unknown
data\raw\noise\esc50\ESC-50-master\audio\4-216349-A-34.wav,unknown
data\raw\noise\esc50\ESC-50-master\audio\4-218199-A-35.wav,unknown
data\raw\noise\esc50\ESC-50-master\audio\4-218199-B-35.wav,unknown
data\raw\noise\esc50\ESC-50-master\audio\4-218199-C-35.wav,unknown
data\raw\noise\esc50\ESC-50-master\audio\4-218199-D-35.wav,unknown
data\raw\noise\esc50\ESC-50-master\audio\4-218199-E-35.wav,unknown
data\raw\noise\esc50\ESC-50-master\audio\4-218199-F-35.wav,unknown
data\raw\noise\esc50\ESC-50-master\audio\4-218199-G-35.wav,unknown
data\raw\noise\esc50\ESC-50-master\audio\4-218199-H-35.wav,unknown
data\raw\noise\esc50\ESC-50-master\audio\4-218304-A-25.wav,non_stationary
data\raw\noise\esc50\ESC-50-master\audio\4-218304-B-25.wav,non_stationary
data\raw\noise\esc50\ESC-50-master\audio\4-223125-A-14.wav,unknown
data\raw\noise\esc50\ESC-50-master\audio\4-223127-A-14.wav,unknown
data\raw\noise\esc50\ESC-50-master\audio\4-232495-A-6.wav,unknown
data\raw\noise\esc50\ESC-50-master\audio\4-234644-A-2.wav,unknown
data\raw\noise\esc50\ESC-50-master\audio\4-234879-A-6.wav,unknown
data\raw\noise\esc50\ESC-50-master\audio\4-244318-A-6.wav,unknown
data\raw\noise\esc50\ESC-50-master\audio\4-250864-A-8.wav,unknown
data\raw\noise\esc50\ESC-50-master\audio\4-250869-A-2.wav,unknown
data\raw\noise\esc50\ESC-50-master\audio\4-250869-B-2.wav,unknown
data\raw\noise\esc50\ESC-50-master\audio\4-250869-C-2.wav,unknown
data\raw\noise\esc50\ESC-50-master\audio\4-251645-A-49.wav,unknown
data\raw\noise\esc50\ESC-50-master\audio\4-251645-B-49.wav,unknown
data\raw\noise\esc50\ESC-50-master\audio\4-251959-A-47.wav,stationary
data\raw\noise\esc50\ESC-50-master\audio\4-253649-A-6.wav,unknown
data\raw\noise\esc50\ESC-50-master\audio\4-255371-A-47.wav,stationary
data\raw\noise\esc50\ESC-50-master\audio\4-261068-A-30.wav,impulsive
data\raw\noise\esc50\ESC-50-master\audio\4-264453-A-34.wav,unknown
data\raw\noise\esc50\ESC-50-master\audio\4-59579-A-20.wav,unknown
data\raw\noise\esc50\ESC-50-master\audio\4-59579-B-20.wav,unknown
data\raw\noise\esc50\ESC-50-master\audio\4-67358-A-42.wav,stationary
data\raw\noise\esc50\ESC-50-master\audio\4-80761-A-42.wav,stationary
data\raw\noise\esc50\ESC-50-master\audio\4-90014-A-42.wav,stationary
data\raw\noise\esc50\ESC-50-master\audio\4-90014-B-42.wav,stationary
data\raw\noise\esc50\ESC-50-master\audio\4-99193-A-4.wav,unknown
data\raw\noise\esc50\ESC-50-master\audio\4-99193-B-4.wav,unknown
data\raw\noise\esc50\ESC-50-master\audio\4-99644-A-4.wav,unknown
data\raw\noise\esc50\ESC-50-master\audio\4-99644-B-4.wav,unknown
data\raw\noise\esc50\ESC-50-master\audio\4-99644-C-4.wav,unknown
data\raw\noise\esc50\ESC-50-master\audio\4-99644-D-4.wav,unknown
data\raw\noise\esc50\ESC-50-master\audio\5-103415-A-2.wav,unknown
data\raw\noise\esc50\ESC-50-master\audio\5-103416-A-2.wav,unknown
data\raw\noise\esc50\ESC-50-master\audio\5-103418-A-2.wav,unknown
data\raw\noise\esc50\ESC-50-master\audio\5-103420-A-2.wav,unknown
data\raw\noise\esc50\ESC-50-master\audio\5-103421-A-2.wav,unknown
data\raw\noise\esc50\ESC-50-master\audio\5-103422-A-2.wav,unknown
data\raw\noise\esc50\ESC-50-master\audio\5-117118-A-42.wav,stationary
data\raw\noise\esc50\ESC-50-master\audio\5-117120-A-42.wav,stationary
data\raw\noise\esc50\ESC-50-master\audio\5-117122-A-42.wav,stationary
data\raw\noise\esc50\ESC-50-master\audio\5-117250-A-2.wav,unknown
data\raw\noise\esc50\ESC-50-master\audio\5-117773-A-16.wav,non_stationary
data\raw\noise\esc50\ESC-50-master\audio\5-127990-A-2.wav,unknown
data\raw\noise\esc50\ESC-50-master\audio\5-133989-A-42.wav,stationary
data\raw\noise\esc50\ESC-50-master\audio\5-133989-B-42.wav,stationary
data\raw\noise\esc50\ESC-50-master\audio\5-141683-A-35.wav,unknown
data\raw\noise\esc50\ESC-50-master\audio\5-147297-A-27.wav,unknown
data\raw\noise\esc50\ESC-50-master\audio\5-150409-A-42.wav,stationary
data\raw\noise\esc50\ESC-50-master\audio\5-151085-A-20.wav,unknown
data\raw\noise\esc50\ESC-50-master\audio\5-156026-A-4.wav,unknown
data\raw\noise\esc50\ESC-50-master\audio\5-156026-B-4.wav,unknown
data\raw\noise\esc50\ESC-50-master\audio\5-156026-C-4.wav,unknown
data\raw\noise\esc50\ESC-50-master\audio\5-156026-D-4.wav,unknown
data\raw\noise\esc50\ESC-50-master\audio\5-156698-A-18.wav,unknown
data\raw\noise\esc50\ESC-50-master\audio\5-156999-A-19.wav,non_stationary
data\raw\noise\esc50\ESC-50-master\audio\5-156999-B-19.wav,non_stationary
data\raw\noise\esc50\ESC-50-master\audio\5-156999-C-19.wav,non_stationary
data\raw\noise\esc50\ESC-50-master\audio\5-156999-D-19.wav,non_stationary
data\raw\noise\esc50\ESC-50-master\audio\5-156999-E-19.wav,non_stationary
data\raw\noise\esc50\ESC-50-master\audio\5-157204-A-16.wav,non_stationary
data\raw\noise\esc50\ESC-50-master\audio\5-157204-B-16.wav,non_stationary
data\raw\noise\esc50\ESC-50-master\audio\5-160551-A-42.wav,stationary
data\raw\noise\esc50\ESC-50-master\audio\5-160614-A-48.wav,impulsive
data\raw\noise\esc50\ESC-50-master\audio\5-160614-B-48.wav,impulsive
data\raw\noise\esc50\ESC-50-master\audio\5-160614-C-48.wav,impulsive
data\raw\noise\esc50\ESC-50-master\audio\5-160614-D-48.wav,impulsive
data\raw\noise\esc50\ESC-50-master\audio\5-160614-E-48.wav,impulsive
data\raw\noise\esc50\ESC-50-master\audio\5-160614-F-48.wav,impulsive
data\raw\noise\esc50\ESC-50-master\audio\5-160614-G-48.wav,impulsive
data\raw\noise\esc50\ESC-50-master\audio\5-160614-H-48.wav,impulsive
data\raw\noise\esc50\ESC-50-master\audio\5-161270-A-33.wav,non_stationary
data\raw\noise\esc50\ESC-50-master\audio\5-161270-B-33.wav,non_stationary
data\raw\noise\esc50\ESC-50-master\audio\5-169983-A-5.wav,unknown
data\raw\noise\esc50\ESC-50-master\audio\5-170338-A-41.wav,unknown
data\raw\noise\esc50\ESC-50-master\audio\5-170338-B-41.wav,unknown
data\raw\noise\esc50\ESC-50-master\audio\5-171118-A-26.wav,unknown
data\raw\noise\esc50\ESC-50-master\audio\5-171653-A-41.wav,unknown
data\raw\noise\esc50\ESC-50-master\audio\5-172299-A-5.wav,unknown
data\raw\noise\esc50\ESC-50-master\audio\5-172639-A-5.wav,unknown
data\raw\noise\esc50\ESC-50-master\audio\5-173568-A-33.wav,non_stationary
data\raw\noise\esc50\ESC-50-master\audio\5-177034-A-18.wav,unknown
data\raw\noise\esc50\ESC-50-master\audio\5-177614-A-5.wav,unknown
data\raw\noise\esc50\ESC-50-master\audio\5-177779-A-33.wav,non_stationary
data\raw\noise\esc50\ESC-50-master\audio\5-177957-A-40.wav,non_stationary
data\raw\noise\esc50\ESC-50-master\audio\5-177957-B-40.wav,non_stationary
data\raw\noise\esc50\ESC-50-master\audio\5-177957-C-40.wav,non_stationary
data\raw\noise\esc50\ESC-50-master\audio\5-177957-D-40.wav,non_stationary
data\raw\noise\esc50\ESC-50-master\audio\5-177957-E-40.wav,non_stationary
data\raw\noise\esc50\ESC-50-master\audio\5-178997-A-24.wav,non_stationary
data\raw\noise\esc50\ESC-50-master\audio\5-179294-A-46.wav,unknown
data\raw\noise\esc50\ESC-50-master\audio\5-179496-A-16.wav,non_stationary
data\raw\noise\esc50\ESC-50-master\audio\5-179496-B-16.wav,non_stationary
data\raw\noise\esc50\ESC-50-master\audio\5-179860-A-43.wav,impulsive
data\raw\noise\esc50\ESC-50-master\audio\5-179863-A-43.wav,impulsive
data\raw\noise\esc50\ESC-50-master\audio\5-179865-A-43.wav,impulsive
data\raw\noise\esc50\ESC-50-master\audio\5-179866-A-43.wav,impulsive
data\raw\noise\esc50\ESC-50-master\audio\5-179868-A-43.wav,impulsive
data\raw\noise\esc50\ESC-50-master\audio\5-180156-A-43.wav,impulsive
data\raw\noise\esc50\ESC-50-master\audio\5-180156-B-43.wav,impulsive
data\raw\noise\esc50\ESC-50-master\audio\5-180156-C-43.wav,impulsive
data\raw\noise\esc50\ESC-50-master\audio\5-180229-A-27.wav,unknown
data\raw\noise\esc50\ESC-50-master\audio\5-181458-A-33.wav,non_stationary
data\raw\noise\esc50\ESC-50-master\audio\5-181766-A-10.wav,non_stationary
data\raw\noise\esc50\ESC-50-master\audio\5-181977-A-35.wav,unknown
data\raw\noise\esc50\ESC-50-master\audio\5-182007-A-36.wav,unknown
data\raw\noise\esc50\ESC-50-master\audio\5-182010-A-36.wav,unknown
data\raw\noise\esc50\ESC-50-master\audio\5-182012-A-36.wav,unknown
data\raw\noise\esc50\ESC-50-master\audio\5-182404-A-18.wav,unknown
data\raw\noise\esc50\ESC-50-master\audio\5-184323-A-42.wav,stationary
data\raw\noise\esc50\ESC-50-master\audio\5-184871-A-24.wav,non_stationary
data\raw\noise\esc50\ESC-50-master\audio\5-185516-A-27.wav,unknown
data\raw\noise\esc50\ESC-50-master\audio\5-185579-A-41.wav,unknown
data\raw\noise\esc50\ESC-50-master\audio\5-185579-B-41.wav,unknown
data\raw\noise\esc50\ESC-50-master\audio\5-185908-A-18.wav,unknown
data\raw\noise\esc50\ESC-50-master\audio\5-186924-A-12.wav,non_stationary
data\raw\noise\esc50\ESC-50-master\audio\5-187201-A-4.wav,unknown
data\raw\noise\esc50\ESC-50-master\audio\5-187201-B-4.wav,unknown
data\raw\noise\esc50\ESC-50-master\audio\5-187444-A-33.wav,non_stationary
data\raw\noise\esc50\ESC-50-master\audio\5-187979-A-21.wav,unknown
data\raw\noise\esc50\ESC-50-master\audio\5-188365-A-36.wav,unknown
data\raw\noise\esc50\ESC-50-master\audio\5-188495-A-19.wav,non_stationary
data\raw\noise\esc50\ESC-50-master\audio\5-188606-A-33.wav,non_stationary
data\raw\noise\esc50\ESC-50-master\audio\5-188655-A-10.wav,non_stationary
data\raw\noise\esc50\ESC-50-master\audio\5-188716-A-46.wav,unknown
data\raw\noise\esc50\ESC-50-master\audio\5-188796-A-45.wav,stationary
data\raw\noise\esc50\ESC-50-master\audio\5-188945-A-45.wav,stationary
data\raw\noise\esc50\ESC-50-master\audio\5-189212-A-12.wav,non_stationary
data\raw\noise\esc50\ESC-50-master\audio\5-189237-A-12.wav,non_stationary
data\raw\noise\esc50\ESC-50-master\audio\5-189795-A-4.wav,unknown
data\raw\noise\esc50\ESC-50-master\audio\5-191131-A-40.wav,non_stationary
data\raw\noise\esc50\ESC-50-master\audio\5-191497-A-33.wav,non_stationary
data\raw\noise\esc50\ESC-50-master\audio\5-192191-A-19.wav,non_stationary
data\raw\noise\esc50\ESC-50-master\audio\5-193339-A-10.wav,non_stationary
data\raw\noise\esc50\ESC-50-master\audio\5-193473-A-12.wav,non_stationary
data\raw\noise\esc50\ESC-50-master\audio\5-193473-B-12.wav,non_stationary
data\raw\noise\esc50\ESC-50-master\audio\5-194533-A-21.wav,unknown
data\raw\noise\esc50\ESC-50-master\audio\5-194892-A-10.wav,non_stationary
data\raw\noise\esc50\ESC-50-master\audio\5-194899-A-3.wav,unknown
data\raw\noise\esc50\ESC-50-master\audio\5-194899-B-3.wav,unknown
data\raw\noise\esc50\ESC-50-master\audio\5-194899-C-3.wav,unknown
data\raw\noise\esc50\ESC-50-master\audio\5-194899-D-3.wav,unknown
data\raw\noise\esc50\ESC-50-master\audio\5-194930-A-1.wav,unknown
data\raw\noise\esc50\ESC-50-master\audio\5-194930-B-1.wav,unknown
data\raw\noise\esc50\ESC-50-master\audio\5-194932-A-7.wav,unknown
data\raw\noise\esc50\ESC-50-master\audio\5-195517-A-7.wav,unknown
data\raw\noise\esc50\ESC-50-master\audio\5-195518-A-7.wav,unknown
data\raw\noise\esc50\ESC-50-master\audio\5-195557-A-19.wav,non_stationary
data\raw\noise\esc50\ESC-50-master\audio\5-195710-A-10.wav,non_stationary
data\raw\noise\esc50\ESC-50-master\audio\5-197118-A-45.wav,stationary
data\raw\noise\esc50\ESC-50-master\audio\5-197121-A-45.wav,stationary
data\raw\noise\esc50\ESC-50-master\audio\5-197121-B-45.wav,stationary
data\raw\noise\esc50\ESC-50-master\audio\5-197446-A-7.wav,unknown
data\raw\noise\esc50\ESC-50-master\audio\5-197913-A-18.wav,unknown
data\raw\noise\esc50\ESC-50-master\audio\5-197988-A-46.wav,unknown
data\raw\noise\esc50\ESC-50-master\audio\5-198278-A-7.wav,unknown
data\raw\noise\esc50\ESC-50-master\audio\5-198278-B-7.wav,unknown
data\raw\noise\esc50\ESC-50-master\audio\5-198278-C-7.wav,unknown
data\raw\noise\esc50\ESC-50-master\audio\5-198321-A-10.wav,non_stationary
data\raw\noise\esc50\ESC-50-master\audio\5-198373-A-46.wav,unknown
data\raw\noise\esc50\ESC-50-master\audio\5-198411-A-20.wav,unknown
data\raw\noise\esc50\ESC-50-master\audio\5-198411-B-20.wav,unknown
data\raw\noise\esc50\ESC-50-master\audio\5-198411-C-20.wav,unknown
data\raw\noise\esc50\ESC-50-master\audio\5-198411-D-20.wav,unknown
data\raw\noise\esc50\ESC-50-master\audio\5-198411-E-20.wav,unknown
data\raw\noise\esc50\ESC-50-master\audio\5-198411-F-20.wav,unknown
data\raw\noise\esc50\ESC-50-master\audio\5-198411-G-20.wav,unknown
data\raw\noise\esc50\ESC-50-master\audio\5-198600-A-45.wav,stationary
data\raw\noise\esc50\ESC-50-master\audio\5-198891-A-8.wav,unknown
data\raw\noise\esc50\ESC-50-master\audio\5-198891-B-8.wav,unknown
data\raw\noise\esc50\ESC-50-master\audio\5-198891-C-8.wav,unknown
data\raw\noise\esc50\ESC-50-master\audio\5-198891-D-8.wav,unknown
data\raw\noise\esc50\ESC-50-master\audio\5-199284-A-45.wav,stationary
data\raw\noise\esc50\ESC-50-master\audio\5-199284-B-45.wav,stationary
data\raw\noise\esc50\ESC-50-master\audio\5-200329-A-8.wav,unknown
data\raw\noise\esc50\ESC-50-master\audio\5-200329-B-8.wav,unknown
data\raw\noise\esc50\ESC-50-master\audio\5-200329-C-8.wav,unknown
data\raw\noise\esc50\ESC-50-master\audio\5-200334-A-1.wav,unknown
data\raw\noise\esc50\ESC-50-master\audio\5-200334-B-1.wav,unknown
data\raw\noise\esc50\ESC-50-master\audio\5-200339-A-1.wav,unknown
data\raw\noise\esc50\ESC-50-master\audio\5-200461-A-11.wav,unknown
data\raw\noise\esc50\ESC-50-master\audio\5-200461-B-11.wav,unknown
data\raw\noise\esc50\ESC-50-master\audio\5-201170-A-46.wav,unknown
data\raw\noise\esc50\ESC-50-master\audio\5-201172-A-46.wav,unknown
data\raw\noise\esc50\ESC-50-master\audio\5-201194-A-38.wav,unknown
data\raw\noise\esc50\ESC-50-master\audio\5-201274-A-21.wav,unknown
data\raw\noise\esc50\ESC-50-master\audio\5-201664-A-18.wav,unknown
data\raw\noise\esc50\ESC-50-master\audio\5-202020-A-18.wav,unknown
data\raw\noise\esc50\ESC-50-master\audio\5-202220-A-21.wav,unknown
data\raw\noise\esc50\ESC-50-master\audio\5-202540-A-18.wav,unknown
data\raw\noise\esc50\ESC-50-master\audio\5-202795-A-3.wav,unknown
data\raw\noise\esc50\ESC-50-master\audio\5-202898-A-10.wav,non_stationary
data\raw\noise\esc50\ESC-50-master\audio\5-203128-A-0.wav,unknown
data\raw\noise\esc50\ESC-50-master\audio\5-203128-B-0.wav,unknown
data\raw\noise\esc50\ESC-50-master\audio\5-203739-A-10.wav,non_stationary
data\raw\noise\esc50\ESC-50-master\audio\5-204114-A-29.wav,unknown
data\raw\noise\esc50\ESC-50-master\audio\5-204352-A-13.wav,unknown
data\raw\noise\esc50\ESC-50-master\audio\5-204352-B-13.wav,unknown
data\raw\noise\esc50\ESC-50-master\audio\5-204604-A-24.wav,non_stationary
data\raw\noise\esc50\ESC-50-master\audio\5-204741-A-46.wav,unknown
data\raw\noise\esc50\ESC-50-master\audio\5-205090-A-32.wav,unknown
data\raw\noise\esc50\ESC-50-master\audio\5-205589-A-17.wav,non_stationary
data\raw\noise\esc50\ESC-50-master\audio\5-205589-B-17.wav,non_stationary
data\raw\noise\esc50\ESC-50-master\audio\5-205898-A-40.wav,non_stationary
data\raw\noise\esc50\ESC-50-master\audio\5-207681-A-24.wav,non_stationary
data\raw\noise\esc50\ESC-50-master\audio\5-207781-A-17.wav,non_stationary
data\raw\noise\esc50\ESC-50-master\audio\5-207811-A-35.wav,unknown
data\raw\noise\esc50\ESC-50-master\audio\5-207811-B-35.wav,unknown
data\raw\noise\esc50\ESC-50-master\audio\5-207836-A-29.wav,unknown
data\raw\noise\esc50\ESC-50-master\audio\5-207836-B-29.wav,unknown
data\raw\noise\esc50\ESC-50-master\audio\5-207836-C-29.wav,unknown
data\raw\noise\esc50\ESC-50-master\audio\5-207836-D-29.wav,unknown
data\raw\noise\esc50\ESC-50-master\audio\5-208030-A-0.wav,unknown
data\raw\noise\esc50\ESC-50-master\audio\5-208624-A-38.wav,unknown
data\raw\noise\esc50\ESC-50-master\audio\5-208761-A-24.wav,non_stationary
data\raw\noise\esc50\ESC-50-master\audio\5-208810-A-11.wav,unknown
data\raw\noise\esc50\ESC-50-master\audio\5-208810-B-11.wav,unknown
data\raw\noise\esc50\ESC-50-master\audio\5-209698-A-38.wav,unknown
data\raw\noise\esc50\ESC-50-master\audio\5-209719-A-24.wav,non_stationary
data\raw\noise\esc50\ESC-50-master\audio\5-209833-A-38.wav,unknown
data\raw\noise\esc50\ESC-50-master\audio\5-209989-A-22.wav,unknown
data\raw\noise\esc50\ESC-50-master\audio\5-209992-A-44.wav,stationary
data\raw\noise\esc50\ESC-50-master\audio\5-209992-B-44.wav,stationary
data\raw\noise\esc50\ESC-50-master\audio\5-210540-A-13.wav,unknown
data\raw\noise\esc50\ESC-50-master\audio\5-210571-A-38.wav,unknown
data\raw\noise\esc50\ESC-50-master\audio\5-210612-A-37.wav,unknown
data\raw\noise\esc50\ESC-50-master\audio\5-211197-A-24.wav,non_stationary
data\raw\noise\esc50\ESC-50-master\audio\5-211408-A-37.wav,unknown
data\raw\noise\esc50\ESC-50-master\audio\5-212050-A-27.wav,unknown
data\raw\noise\esc50\ESC-50-master\audio\5-212054-A-36.wav,unknown
data\raw\noise\esc50\ESC-50-master\audio\5-212059-A-36.wav,unknown
data\raw\noise\esc50\ESC-50-master\audio\5-212181-A-38.wav,unknown
data\raw\noise\esc50\ESC-50-master\audio\5-212454-A-0.wav,unknown
data\raw\noise\esc50\ESC-50-master\audio\5-212730-A-17.wav,non_stationary
data\raw\noise\esc50\ESC-50-master\audio\5-212734-A-17.wav,non_stationary
data\raw\noise\esc50\ESC-50-master\audio\5-212736-A-17.wav,non_stationary
data\raw\noise\esc50\ESC-50-master\audio\5-213077-A-11.wav,unknown
data\raw\noise\esc50\ESC-50-master\audio\5-213293-A-23.wav,non_stationary
data\raw\noise\esc50\ESC-50-master\audio\5-213802-A-12.wav,non_stationary
data\raw\noise\esc50\ESC-50-master\audio\5-213836-A-9.wav,unknown
data\raw\noise\esc50\ESC-50-master\audio\5-213836-B-9.wav,unknown
data\raw\noise\esc50\ESC-50-master\audio\5-213836-C-9.wav,unknown
data\raw\noise\esc50\ESC-50-master\audio\5-213836-D-9.wav,unknown
data\raw\noise\esc50\ESC-50-master\audio\5-213855-A-0.wav,unknown
data\raw\noise\esc50\ESC-50-master\audio\5-214362-A-17.wav,non_stationary
data\raw\noise\esc50\ESC-50-master\audio\5-214759-A-5.wav,unknown
data\raw\noise\esc50\ESC-50-master\audio\5-214759-B-5.wav,unknown
data\raw\noise\esc50\ESC-50-master\audio\5-214869-A-9.wav,unknown
data\raw\noise\esc50\ESC-50-master\audio\5-215005-A-32.wav,unknown
data\raw\noise\esc50\ESC-50-master\audio\5-215172-A-13.wav,unknown
data\raw\noise\esc50\ESC-50-master\audio\5-215179-A-13.wav,unknown
data\raw\noise\esc50\ESC-50-master\audio\5-215445-A-47.wav,stationary
data\raw\noise\esc50\ESC-50-master\audio\5-215447-A-47.wav,stationary
data\raw\noise\esc50\ESC-50-master\audio\5-215449-A-47.wav,stationary
data\raw\noise\esc50\ESC-50-master\audio\5-215634-A-17.wav,non_stationary
data\raw\noise\esc50\ESC-50-master\audio\5-215658-A-12.wav,non_stationary
data\raw\noise\esc50\ESC-50-master\audio\5-215658-B-12.wav,non_stationary
data\raw\noise\esc50\ESC-50-master\audio\5-216131-A-32.wav,unknown
data\raw\noise\esc50\ESC-50-master\audio\5-216213-A-13.wav,unknown
data\raw\noise\esc50\ESC-50-master\audio\5-216214-A-13.wav,unknown
data\raw\noise\esc50\ESC-50-master\audio\5-216216-A-13.wav,unknown
data\raw\noise\esc50\ESC-50-master\audio\5-216368-A-28.wav,unknown
data\raw\noise\esc50\ESC-50-master\audio\5-216370-A-41.wav,unknown
data\raw\noise\esc50\ESC-50-master\audio\5-216370-B-41.wav,unknown
data\raw\noise\esc50\ESC-50-master\audio\5-217158-A-0.wav,unknown
data\raw\noise\esc50\ESC-50-master\audio\5-217186-A-16.wav,non_stationary
data\raw\noise\esc50\ESC-50-master\audio\5-217186-B-16.wav,non_stationary
data\raw\noise\esc50\ESC-50-master\audio\5-217186-C-16.wav,non_stationary
data\raw\noise\esc50\ESC-50-master\audio\5-218196-A-27.wav,unknown
data\raw\noise\esc50\ESC-50-master\audio\5-218196-B-27.wav,unknown
data\raw\noise\esc50\ESC-50-master\audio\5-218494-A-22.wav,unknown
data\raw\noise\esc50\ESC-50-master\audio\5-218980-A-30.wav,impulsive
data\raw\noise\esc50\ESC-50-master\audio\5-218981-A-30.wav,impulsive
data\raw\noise\esc50\ESC-50-master\audio\5-219044-A-46.wav,unknown
data\raw\noise\esc50\ESC-50-master\audio\5-219242-A-37.wav,unknown
data\raw\noise\esc50\ESC-50-master\audio\5-219242-B-37.wav,unknown
data\raw\noise\esc50\ESC-50-master\audio\5-219318-A-31.wav,unknown
data\raw\noise\esc50\ESC-50-master\audio\5-219342-A-38.wav,unknown
data\raw\noise\esc50\ESC-50-master\audio\5-219379-A-11.wav,unknown
data\raw\noise\esc50\ESC-50-master\audio\5-219379-B-11.wav,unknown
data\raw\noise\esc50\ESC-50-master\audio\5-219379-C-11.wav,unknown
data\raw\noise\esc50\ESC-50-master\audio\5-220026-A-21.wav,unknown
data\raw\noise\esc50\ESC-50-master\audio\5-220027-A-21.wav,unknown
data\raw\noise\esc50\ESC-50-master\audio\5-220939-A-27.wav,unknown
data\raw\noise\esc50\ESC-50-master\audio\5-220955-A-40.wav,non_stationary
data\raw\noise\esc50\ESC-50-master\audio\5-221518-A-21.wav,unknown
data\raw\noise\esc50\ESC-50-master\audio\5-221528-A-39.wav,impulsive
data\raw\noise\esc50\ESC-50-master\audio\5-221529-A-39.wav,impulsive
data\raw\noise\esc50\ESC-50-master\audio\5-221567-A-22.wav,unknown
data\raw\noise\esc50\ESC-50-master\audio\5-221568-A-22.wav,unknown
data\raw\noise\esc50\ESC-50-master\audio\5-221593-A-21.wav,unknown
data\raw\noise\esc50\ESC-50-master\audio\5-221878-A-34.wav,unknown
data\raw\noise\esc50\ESC-50-master\audio\5-221950-A-22.wav,unknown
data\raw\noise\esc50\ESC-50-master\audio\5-222041-A-9.wav,unknown
data\raw\noise\esc50\ESC-50-master\audio\5-222524-A-41.wav,unknown
data\raw\noise\esc50\ESC-50-master\audio\5-222894-A-32.wav,unknown
data\raw\noise\esc50\ESC-50-master\audio\5-223099-A-32.wav,unknown
data\raw\noise\esc50\ESC-50-master\audio\5-223099-B-32.wav,unknown
data\raw\noise\esc50\ESC-50-master\audio\5-223103-A-31.wav,unknown
data\raw\noise\esc50\ESC-50-master\audio\5-223176-A-37.wav,unknown
data\raw\noise\esc50\ESC-50-master\audio\5-223317-A-31.wav,unknown
data\raw\noise\esc50\ESC-50-master\audio\5-223810-A-35.wav,unknown
data\raw\noise\esc50\ESC-50-master\audio\5-231551-A-36.wav,unknown
data\raw\noise\esc50\ESC-50-master\audio\5-231762-A-0.wav,unknown
data\raw\noise\esc50\ESC-50-master\audio\5-232272-A-44.wav,stationary
data\raw\noise\esc50\ESC-50-master\audio\5-232802-A-31.wav,unknown
data\raw\noise\esc50\ESC-50-master\audio\5-232816-A-23.wav,non_stationary
data\raw\noise\esc50\ESC-50-master\audio\5-233019-A-31.wav,unknown
data\raw\noise\esc50\ESC-50-master\audio\5-233160-A-1.wav,unknown
data\raw\noise\esc50\ESC-50-master\audio\5-233260-A-23.wav,non_stationary
data\raw\noise\esc50\ESC-50-master\audio\5-233312-A-28.wav,unknown
data\raw\noise\esc50\ESC-50-master\audio\5-233605-A-39.wav,impulsive
data\raw\noise\esc50\ESC-50-master\audio\5-233607-A-39.wav,impulsive
data\raw\noise\esc50\ESC-50-master\audio\5-233645-A-37.wav,unknown
data\raw\noise\esc50\ESC-50-master\audio\5-233787-A-7.wav,unknown
data\raw\noise\esc50\ESC-50-master\audio\5-234145-A-28.wav,unknown
data\raw\noise\esc50\ESC-50-master\audio\5-234247-A-37.wav,unknown
data\raw\noise\esc50\ESC-50-master\audio\5-234263-A-25.wav,non_stationary
data\raw\noise\esc50\ESC-50-master\audio\5-234335-A-23.wav,non_stationary
data\raw\noise\esc50\ESC-50-master\audio\5-234855-A-25.wav,non_stationary
data\raw\noise\esc50\ESC-50-master\audio\5-234879-A-1.wav,unknown
data\raw\noise\esc50\ESC-50-master\audio\5-234879-B-1.wav,unknown
data\raw\noise\esc50\ESC-50-master\audio\5-234923-A-32.wav,unknown
data\raw\noise\esc50\ESC-50-master\audio\5-235507-A-44.wav,stationary
data\raw\noise\esc50\ESC-50-master\audio\5-235593-A-23.wav,non_stationary
data\raw\noise\esc50\ESC-50-master\audio\5-235644-A-30.wav,impulsive
data\raw\noise\esc50\ESC-50-master\audio\5-235671-A-38.wav,unknown
data\raw\noise\esc50\ESC-50-master\audio\5-235874-A-28.wav,unknown
data\raw\noise\esc50\ESC-50-master\audio\5-235893-A-28.wav,unknown
data\raw\noise\esc50\ESC-50-master\audio\5-235956-A-47.wav,stationary
data\raw\noise\esc50\ESC-50-master\audio\5-236288-A-28.wav,unknown
data\raw\noise\esc50\ESC-50-master\audio\5-236299-A-34.wav,unknown
data\raw\noise\esc50\ESC-50-master\audio\5-237315-A-31.wav,unknown
data\raw\noise\esc50\ESC-50-master\audio\5-237499-A-4.wav,unknown
data\raw\noise\esc50\ESC-50-master\audio\5-237795-A-34.wav,unknown
data\raw\noise\esc50\ESC-50-master\audio\5-238021-A-35.wav,unknown
data\raw\noise\esc50\ESC-50-master\audio\5-238492-A-23.wav,non_stationary
data\raw\noise\esc50\ESC-50-master\audio\5-238926-A-31.wav,unknown
data\raw\noise\esc50\ESC-50-master\audio\5-238938-A-27.wav,unknown
data\raw\noise\esc50\ESC-50-master\audio\5-240671-A-44.wav,stationary
data\raw\noise\esc50\ESC-50-master\audio\5-241846-A-15.wav,unknown
data\raw\noise\esc50\ESC-50-master\audio\5-242490-A-14.wav,unknown
data\raw\noise\esc50\ESC-50-master\audio\5-242491-A-14.wav,unknown
data\raw\noise\esc50\ESC-50-master\audio\5-242492-A-3.wav,unknown
data\raw\noise\esc50\ESC-50-master\audio\5-242711-A-9.wav,unknown
data\raw\noise\esc50\ESC-50-master\audio\5-242932-A-26.wav,unknown
data\raw\noise\esc50\ESC-50-master\audio\5-242932-B-26.wav,unknown
data\raw\noise\esc50\ESC-50-master\audio\5-243025-A-25.wav,non_stationary
data\raw\noise\esc50\ESC-50-master\audio\5-243036-A-29.wav,unknown
data\raw\noise\esc50\ESC-50-master\audio\5-243448-A-14.wav,unknown
data\raw\noise\esc50\ESC-50-master\audio\5-243449-A-14.wav,unknown
data\raw\noise\esc50\ESC-50-master\audio\5-243450-A-14.wav,unknown
data\raw\noise\esc50\ESC-50-master\audio\5-243459-A-14.wav,unknown
data\raw\noise\esc50\ESC-50-master\audio\5-243459-B-14.wav,unknown
data\raw\noise\esc50\ESC-50-master\audio\5-243635-A-29.wav,unknown
data\raw\noise\esc50\ESC-50-master\audio\5-243773-A-44.wav,stationary
data\raw\noise\esc50\ESC-50-master\audio\5-243773-B-44.wav,stationary
data\raw\noise\esc50\ESC-50-master\audio\5-243783-A-44.wav,stationary
data\raw\noise\esc50\ESC-50-master\audio\5-244178-A-32.wav,unknown
data\raw\noise\esc50\ESC-50-master\audio\5-244310-A-25.wav,non_stationary
data\raw\noise\esc50\ESC-50-master\audio\5-244315-A-6.wav,unknown
data\raw\noise\esc50\ESC-50-master\audio\5-244315-B-6.wav,unknown
data\raw\noise\esc50\ESC-50-master\audio\5-244315-C-6.wav,unknown
data\raw\noise\esc50\ESC-50-master\audio\5-244327-A-34.wav,unknown
data\raw\noise\esc50\ESC-50-master\audio\5-244459-A-28.wav,unknown
data\raw\noise\esc50\ESC-50-master\audio\5-244526-A-26.wav,unknown
data\raw\noise\esc50\ESC-50-master\audio\5-244651-A-31.wav,unknown
data\raw\noise\esc50\ESC-50-master\audio\5-244933-A-34.wav,unknown
data\raw\noise\esc50\ESC-50-master\audio\5-245040-A-35.wav,unknown
data\raw\noise\esc50\ESC-50-master\audio\5-248341-A-6.wav,unknown
data\raw\noise\esc50\ESC-50-master\audio\5-248341-B-6.wav,unknown
data\raw\noise\esc50\ESC-50-master\audio\5-248341-C-6.wav,unknown
data\raw\noise\esc50\ESC-50-master\audio\5-249748-A-28.wav,unknown
data\raw\noise\esc50\ESC-50-master\audio\5-249937-A-22.wav,unknown
data\raw\noise\esc50\ESC-50-master\audio\5-250026-A-30.wav,impulsive
data\raw\noise\esc50\ESC-50-master\audio\5-250026-B-30.wav,impulsive
data\raw\noise\esc50\ESC-50-master\audio\5-250258-A-49.wav,unknown
data\raw\noise\esc50\ESC-50-master\audio\5-250629-A-37.wav,unknown
data\raw\noise\esc50\ESC-50-master\audio\5-250753-A-34.wav,unknown
data\raw\noise\esc50\ESC-50-master\audio\5-251426-A-30.wav,impulsive
data\raw\noise\esc50\ESC-50-master\audio\5-251426-B-30.wav,impulsive
data\raw\noise\esc50\ESC-50-master\audio\5-251489-A-24.wav,non_stationary
data\raw\noise\esc50\ESC-50-master\audio\5-251957-A-47.wav,stationary
data\raw\noise\esc50\ESC-50-master\audio\5-251962-A-47.wav,stationary
data\raw\noise\esc50\ESC-50-master\audio\5-251963-A-47.wav,stationary
data\raw\noise\esc50\ESC-50-master\audio\5-251971-A-47.wav,stationary
data\raw\noise\esc50\ESC-50-master\audio\5-252248-A-34.wav,unknown
data\raw\noise\esc50\ESC-50-master\audio\5-253085-A-3.wav,unknown
data\raw\noise\esc50\ESC-50-master\audio\5-253085-B-3.wav,unknown
data\raw\noise\esc50\ESC-50-master\audio\5-253094-A-49.wav,unknown
data\raw\noise\esc50\ESC-50-master\audio\5-253094-B-49.wav,unknown
data\raw\noise\esc50\ESC-50-master\audio\5-253094-C-49.wav,unknown
data\raw\noise\esc50\ESC-50-master\audio\5-253094-D-49.wav,unknown
data\raw\noise\esc50\ESC-50-master\audio\5-253101-A-49.wav,unknown
data\raw\noise\esc50\ESC-50-master\audio\5-253101-B-49.wav,unknown
data\raw\noise\esc50\ESC-50-master\audio\5-253101-C-49.wav,unknown
data\raw\noise\esc50\ESC-50-master\audio\5-253534-A-26.wav,unknown
data\raw\noise\esc50\ESC-50-master\audio\5-254160-A-22.wav,unknown
data\raw\noise\esc50\ESC-50-master\audio\5-254832-A-15.wav,unknown
data\raw\noise\esc50\ESC-50-master\audio\5-254832-B-15.wav,unknown
data\raw\noise\esc50\ESC-50-master\audio\5-256452-A-5.wav,unknown
data\raw\noise\esc50\ESC-50-master\audio\5-256512-A-30.wav,impulsive
data\raw\noise\esc50\ESC-50-master\audio\5-257349-A-15.wav,unknown
data\raw\noise\esc50\ESC-50-master\audio\5-257642-A-39.wav,impulsive
data\raw\noise\esc50\ESC-50-master\audio\5-257839-A-14.wav,unknown
data\raw\noise\esc50\ESC-50-master\audio\5-259169-A-5.wav,unknown
data\raw\noise\esc50\ESC-50-master\audio\5-259180-A-15.wav,unknown
data\raw\noise\esc50\ESC-50-master\audio\5-259514-A-26.wav,unknown
data\raw\noise\esc50\ESC-50-master\audio\5-259640-A-29.wav,unknown
data\raw\noise\esc50\ESC-50-master\audio\5-260011-A-34.wav,unknown
data\raw\noise\esc50\ESC-50-master\audio\5-260164-A-23.wav,non_stationary
data\raw\noise\esc50\ESC-50-master\audio\5-260432-A-39.wav,impulsive
data\raw\noise\esc50\ESC-50-master\audio\5-260433-A-39.wav,impulsive
data\raw\noise\esc50\ESC-50-master\audio\5-260434-A-39.wav,impulsive
data\raw\noise\esc50\ESC-50-master\audio\5-260875-A-35.wav,unknown
data\raw\noise\esc50\ESC-50-master\audio\5-261325-A-9.wav,unknown
data\raw\noise\esc50\ESC-50-master\audio\5-261433-A-15.wav,unknown
data\raw\noise\esc50\ESC-50-master\audio\5-261439-A-15.wav,unknown
data\raw\noise\esc50\ESC-50-master\audio\5-261464-A-23.wav,non_stationary
data\raw\noise\esc50\ESC-50-master\audio\5-262641-A-15.wav,unknown
data\raw\noise\esc50\ESC-50-master\audio\5-262957-A-22.wav,unknown
data\raw\noise\esc50\ESC-50-master\audio\5-263490-A-25.wav,non_stationary
data\raw\noise\esc50\ESC-50-master\audio\5-263491-A-25.wav,non_stationary
data\raw\noise\esc50\ESC-50-master\audio\5-263501-A-25.wav,non_stationary
data\raw\noise\esc50\ESC-50-master\audio\5-263775-A-26.wav,unknown
data\raw\noise\esc50\ESC-50-master\audio\5-263775-B-26.wav,unknown
data\raw\noise\esc50\ESC-50-master\audio\5-263831-A-6.wav,unknown
data\raw\noise\esc50\ESC-50-master\audio\5-263831-B-6.wav,unknown
data\raw\noise\esc50\ESC-50-master\audio\5-263902-A-36.wav,unknown
data\raw\noise\esc50\ESC-50-master\audio\5-51149-A-25.wav,non_stationary
data\raw\noise\esc50\ESC-50-master\audio\5-61635-A-8.wav,unknown
data\raw\noise\esc50\ESC-50-master\audio\5-9032-A-0.wav,unknown
data\raw\noise\impact_set\explosion\test_0307.wav,impulsive
data\raw\noise\impact_set\explosion\test_0308.wav,impulsive
data\raw\noise\impact_set\explosion\test_0309.wav,impulsive
data\raw\noise\impact_set\explosion\test_0310.wav,impulsive
data\raw\noise\impact_set\explosion\test_0311.wav,impulsive
data\raw\noise\impact_set\explosion\test_0312.wav,impulsive
data\raw\noise\impact_set\explosion\test_0313.wav,impulsive
data\raw\noise\impact_set\explosion\test_0314.wav,impulsive
data\raw\noise\impact_set\explosion\test_0315.wav,impulsive
data\raw\noise\impact_set\explosion\test_0316.wav,impulsive
data\raw\noise\impact_set\explosion\test_0317.wav,impulsive
data\raw\noise\impact_set\explosion\test_0318.wav,impulsive
data\raw\noise\impact_set\explosion\test_0319.wav,impulsive
data\raw\noise\impact_set\explosion\test_0320.wav,impulsive
data\raw\noise\impact_set\explosion\test_0321.wav,impulsive
data\raw\noise\impact_set\explosion\test_0322.wav,impulsive
data\raw\noise\impact_set\explosion\test_0323.wav,impulsive
data\raw\noise\impact_set\explosion\train_0155.wav,impulsive
data\raw\noise\impact_set\explosion\train_0156.wav,impulsive
data\raw\noise\impact_set\explosion\train_0157.wav,impulsive
data\raw\noise\impact_set\explosion\train_0158.wav,impulsive
data\raw\noise\impact_set\explosion\train_0159.wav,impulsive
data\raw\noise\impact_set\explosion\train_0160.wav,impulsive
data\raw\noise\impact_set\explosion\train_0161.wav,impulsive
data\raw\noise\impact_set\explosion\train_0162.wav,impulsive
data\raw\noise\impact_set\explosion\train_0163.wav,impulsive
data\raw\noise\impact_set\explosion\train_0164.wav,impulsive
data\raw\noise\impact_set\explosion\train_0165.wav,impulsive
data\raw\noise\impact_set\explosion\train_0166.wav,impulsive
data\raw\noise\impact_set\explosion\train_0167.wav,impulsive
data\raw\noise\impact_set\explosion\train_0168.wav,impulsive
data\raw\noise\impact_set\explosion\train_0169.wav,impulsive
data\raw\noise\impact_set\explosion\train_0170.wav,impulsive
data\raw\noise\impact_set\explosion\train_0171.wav,impulsive
data\raw\noise\impact_set\explosion\train_0172.wav,impulsive
data\raw\noise\impact_set\explosion\train_0173.wav,impulsive
data\raw\noise\impact_set\explosion\train_0174.wav,impulsive
data\raw\noise\impact_set\explosion\train_0175.wav,impulsive
data\raw\noise\impact_set\explosion\train_0176.wav,impulsive
data\raw\noise\impact_set\explosion\train_0177.wav,impulsive
data\raw\noise\impact_set\explosion\train_0178.wav,impulsive
data\raw\noise\impact_set\explosion\train_0179.wav,impulsive
data\raw\noise\impact_set\explosion\train_0180.wav,impulsive
data\raw\noise\impact_set\explosion\train_0181.wav,impulsive
data\raw\noise\impact_set\explosion\train_0182.wav,impulsive
data\raw\noise\impact_set\explosion\train_0183.wav,impulsive
data\raw\noise\impact_set\explosion\train_0184.wav,impulsive
data\raw\noise\impact_set\explosion\train_0185.wav,impulsive
data\raw\noise\impact_set\explosion\train_0186.wav,impulsive
data\raw\noise\impact_set\explosion\train_0187.wav,impulsive
data\raw\noise\impact_set\explosion\train_0188.wav,impulsive
data\raw\noise\impact_set\explosion\train_0189.wav,impulsive
data\raw\noise\impact_set\explosion\train_0190.wav,impulsive
data\raw\noise\impact_set\explosion\train_0191.wav,impulsive
data\raw\noise\impact_set\explosion\train_0192.wav,impulsive
data\raw\noise\impact_set\explosion\train_0193.wav,impulsive
data\raw\noise\impact_set\explosion\train_0194.wav,impulsive
data\raw\noise\impact_set\explosion\train_0195.wav,impulsive
data\raw\noise\impact_set\explosion\train_0196.wav,impulsive
data\raw\noise\impact_set\explosion\train_0197.wav,impulsive
data\raw\noise\impact_set\explosion\train_0198.wav,impulsive
data\raw\noise\impact_set\explosion\train_0199.wav,impulsive
data\raw\noise\impact_set\explosion\train_0200.wav,impulsive
data\raw\noise\impact_set\explosion\train_0201.wav,impulsive
data\raw\noise\impact_set\explosion\train_0202.wav,impulsive
data\raw\noise\impact_set\explosion\train_0203.wav,impulsive
data\raw\noise\impact_set\explosion\train_0204.wav,impulsive
data\raw\noise\impact_set\explosion\train_0205.wav,impulsive
data\raw\noise\impact_set\explosion\train_0206.wav,impulsive
data\raw\noise\impact_set\explosion\train_0207.wav,impulsive
data\raw\noise\impact_set\explosion\train_0208.wav,impulsive
data\raw\noise\impact_set\explosion\train_0209.wav,impulsive
data\raw\noise\impact_set\explosion\train_0210.wav,impulsive
data\raw\noise\impact_set\explosion\train_0211.wav,impulsive
data\raw\noise\impact_set\explosion\train_0212.wav,impulsive
data\raw\noise\impact_set\explosion\train_0213.wav,impulsive
data\raw\noise\impact_set\explosion\train_0214.wav,impulsive
data\raw\noise\impact_set\explosion\train_0215.wav,impulsive
data\raw\noise\impact_set\explosion\train_0216.wav,impulsive
data\raw\noise\impact_set\explosion\train_0217.wav,impulsive
data\raw\noise\impact_set\explosion\train_0218.wav,impulsive
data\raw\noise\impact_set\explosion\train_0219.wav,impulsive
data\raw\noise\impact_set\explosion\train_0220.wav,impulsive
data\raw\noise\impact_set\explosion\train_0221.wav,impulsive
data\raw\noise\impact_set\explosion\train_0222.wav,impulsive
data\raw\noise\impact_set\explosion\train_0223.wav,impulsive
data\raw\noise\impact_set\explosion\train_0224.wav,impulsive
data\raw\noise\impact_set\explosion\train_0225.wav,impulsive
data\raw\noise\impact_set\explosion\train_0226.wav,impulsive
data\raw\noise\impact_set\explosion\train_0227.wav,impulsive
data\raw\noise\impact_set\explosion\train_0228.wav,impulsive
data\raw\noise\impact_set\explosion\train_0229.wav,impulsive
data\raw\noise\impact_set\explosion\train_0230.wav,impulsive
data\raw\noise\impact_set\explosion\train_0231.wav,impulsive
data\raw\noise\impact_set\explosion\train_0232.wav,impulsive
data\raw\noise\impact_set\explosion\train_0233.wav,impulsive
data\raw\noise\impact_set\explosion\train_0234.wav,impulsive
data\raw\noise\impact_set\explosion\train_0235.wav,impulsive
data\raw\noise\impact_set\explosion\train_0236.wav,impulsive
data\raw\noise\impact_set\explosion\train_0237.wav,impulsive
data\raw\noise\impact_set\explosion\train_0238.wav,impulsive
data\raw\noise\impact_set\explosion\train_0239.wav,impulsive
data\raw\noise\impact_set\explosion\train_0240.wav,impulsive
data\raw\noise\impact_set\explosion\train_0241.wav,impulsive
data\raw\noise\impact_set\explosion\train_0242.wav,impulsive
data\raw\noise\impact_set\explosion\train_0243.wav,impulsive
data\raw\noise\impact_set\explosion\train_0244.wav,impulsive
data\raw\noise\impact_set\explosion\train_0245.wav,impulsive
data\raw\noise\impact_set\explosion\train_0246.wav,impulsive
data\raw\noise\impact_set\explosion\train_0247.wav,impulsive
data\raw\noise\impact_set\explosion\train_0248.wav,impulsive
data\raw\noise\impact_set\explosion\train_0249.wav,impulsive
data\raw\noise\impact_set\explosion\train_0250.wav,impulsive
data\raw\noise\impact_set\explosion\train_0251.wav,impulsive
data\raw\noise\impact_set\explosion\train_0252.wav,impulsive
data\raw\noise\impact_set\explosion\train_0253.wav,impulsive
data\raw\noise\impact_set\explosion\train_0254.wav,impulsive
data\raw\noise\impact_set\explosion\train_0255.wav,impulsive
data\raw\noise\impact_set\explosion\train_0256.wav,impulsive
data\raw\noise\impact_set\explosion\train_0257.wav,impulsive
data\raw\noise\impact_set\explosion\train_0258.wav,impulsive
data\raw\noise\impact_set\explosion\train_0259.wav,impulsive
data\raw\noise\impact_set\explosion\train_0260.wav,impulsive
data\raw\noise\impact_set\explosion\train_0261.wav,impulsive
data\raw\noise\impact_set\explosion\train_0262.wav,impulsive
data\raw\noise\impact_set\explosion\train_0263.wav,impulsive
data\raw\noise\impact_set\explosion\train_0264.wav,impulsive
data\raw\noise\impact_set\explosion\train_0265.wav,impulsive
data\raw\noise\impact_set\explosion\train_0266.wav,impulsive
data\raw\noise\impact_set\explosion\train_0267.wav,impulsive
data\raw\noise\impact_set\explosion\train_0268.wav,impulsive
data\raw\noise\impact_set\explosion\train_0269.wav,impulsive
data\raw\noise\impact_set\explosion\train_0270.wav,impulsive
data\raw\noise\impact_set\explosion\train_0271.wav,impulsive
data\raw\noise\impact_set\explosion\train_0272.wav,impulsive
data\raw\noise\impact_set\explosion\train_0273.wav,impulsive
data\raw\noise\impact_set\explosion\train_0274.wav,impulsive
data\raw\noise\impact_set\explosion\train_0275.wav,impulsive
data\raw\noise\impact_set\explosion\train_0276.wav,impulsive
data\raw\noise\impact_set\explosion\train_0277.wav,impulsive
data\raw\noise\impact_set\explosion\train_0278.wav,impulsive
data\raw\noise\impact_set\explosion\train_0279.wav,impulsive
data\raw\noise\impact_set\explosion\train_0280.wav,impulsive
data\raw\noise\impact_set\explosion\train_0281.wav,impulsive
data\raw\noise\impact_set\explosion\train_0282.wav,impulsive
data\raw\noise\impact_set\explosion\train_0283.wav,impulsive
data\raw\noise\impact_set\explosion\train_0284.wav,impulsive
data\raw\noise\impact_set\explosion\train_0285.wav,impulsive
data\raw\noise\impact_set\explosion\train_0286.wav,impulsive
data\raw\noise\impact_set\explosion\train_0287.wav,impulsive
data\raw\noise\impact_set\explosion\train_0288.wav,impulsive
data\raw\noise\impact_set\explosion\train_0289.wav,impulsive
data\raw\noise\impact_set\explosion\train_0290.wav,impulsive
data\raw\noise\impact_set\explosion\train_0291.wav,impulsive
data\raw\noise\impact_set\explosion\train_0292.wav,impulsive
data\raw\noise\impact_set\explosion\train_0293.wav,impulsive
data\raw\noise\impact_set\explosion\train_0294.wav,impulsive
data\raw\noise\impact_set\explosion\train_0295.wav,impulsive
data\raw\noise\impact_set\explosion\train_0296.wav,impulsive
data\raw\noise\impact_set\explosion\train_0297.wav,impulsive
data\raw\noise\impact_set\explosion\train_0298.wav,impulsive
data\raw\noise\impact_set\explosion\train_0299.wav,impulsive
data\raw\noise\impact_set\explosion\train_0300.wav,impulsive
data\raw\noise\impact_set\explosion\train_0301.wav,impulsive
data\raw\noise\impact_set\explosion\train_0302.wav,impulsive
data\raw\noise\impact_set\explosion\train_0303.wav,impulsive
data\raw\noise\impact_set\explosion\train_0304.wav,impulsive
data\raw\noise\impact_set\explosion\train_0305.wav,impulsive
data\raw\noise\impact_set\explosion\train_0306.wav,impulsive
data\raw\noise\impact_set\footsteps\test_0799.wav,non_stationary
data\raw\noise\impact_set\footsteps\test_0800.wav,non_stationary
data\raw\noise\impact_set\footsteps\test_0801.wav,non_stationary
data\raw\noise\impact_set\footsteps\test_0802.wav,non_stationary
data\raw\noise\impact_set\footsteps\test_0803.wav,non_stationary
data\raw\noise\impact_set\footsteps\test_0804.wav,non_stationary
data\raw\noise\impact_set\footsteps\test_0805.wav,non_stationary
data\raw\noise\impact_set\footsteps\test_0806.wav,non_stationary
data\raw\noise\impact_set\footsteps\test_0807.wav,non_stationary
data\raw\noise\impact_set\footsteps\test_0808.wav,non_stationary
data\raw\noise\impact_set\footsteps\test_0809.wav,non_stationary
data\raw\noise\impact_set\footsteps\test_0810.wav,non_stationary
data\raw\noise\impact_set\footsteps\test_0811.wav,non_stationary
data\raw\noise\impact_set\footsteps\test_0812.wav,non_stationary
data\raw\noise\impact_set\footsteps\test_0813.wav,non_stationary
data\raw\noise\impact_set\footsteps\test_0814.wav,non_stationary
data\raw\noise\impact_set\footsteps\test_0815.wav,non_stationary
data\raw\noise\impact_set\footsteps\test_0816.wav,non_stationary
data\raw\noise\impact_set\footsteps\test_0817.wav,non_stationary
data\raw\noise\impact_set\footsteps\test_0818.wav,non_stationary
data\raw\noise\impact_set\footsteps\test_0819.wav,non_stationary
data\raw\noise\impact_set\footsteps\test_0820.wav,non_stationary
data\raw\noise\impact_set\footsteps\test_0821.wav,non_stationary
data\raw\noise\impact_set\footsteps\test_0822.wav,non_stationary
data\raw\noise\impact_set\footsteps\test_0823.wav,non_stationary
data\raw\noise\impact_set\footsteps\test_0824.wav,non_stationary
data\raw\noise\impact_set\footsteps\test_0825.wav,non_stationary
data\raw\noise\impact_set\footsteps\test_0826.wav,non_stationary
data\raw\noise\impact_set\footsteps\test_0827.wav,non_stationary
data\raw\noise\impact_set\footsteps\test_0828.wav,non_stationary
data\raw\noise\impact_set\footsteps\test_0829.wav,non_stationary
data\raw\noise\impact_set\footsteps\test_0830.wav,non_stationary
data\raw\noise\impact_set\footsteps\test_0831.wav,non_stationary
data\raw\noise\impact_set\footsteps\test_0832.wav,non_stationary
data\raw\noise\impact_set\footsteps\test_0833.wav,non_stationary
data\raw\noise\impact_set\footsteps\test_0834.wav,non_stationary
data\raw\noise\impact_set\footsteps\test_0835.wav,non_stationary
data\raw\noise\impact_set\footsteps\test_0836.wav,non_stationary
data\raw\noise\impact_set\footsteps\test_0837.wav,non_stationary
data\raw\noise\impact_set\footsteps\test_0838.wav,non_stationary
data\raw\noise\impact_set\footsteps\test_0839.wav,non_stationary
data\raw\noise\impact_set\footsteps\test_0840.wav,non_stationary
data\raw\noise\impact_set\footsteps\test_0841.wav,non_stationary
data\raw\noise\impact_set\footsteps\test_0842.wav,non_stationary
data\raw\noise\impact_set\footsteps\test_0843.wav,non_stationary
data\raw\noise\impact_set\footsteps\test_0844.wav,non_stationary
data\raw\noise\impact_set\footsteps\test_0845.wav,non_stationary
data\raw\noise\impact_set\footsteps\test_0846.wav,non_stationary
data\raw\noise\impact_set\footsteps\test_0847.wav,non_stationary
data\raw\noise\impact_set\footsteps\test_0848.wav,non_stationary
data\raw\noise\impact_set\footsteps\test_0849.wav,non_stationary
data\raw\noise\impact_set\footsteps\test_0850.wav,non_stationary
data\raw\noise\impact_set\footsteps\test_0851.wav,non_stationary
data\raw\noise\impact_set\footsteps\train_0324.wav,non_stationary
data\raw\noise\impact_set\footsteps\train_0325.wav,non_stationary
data\raw\noise\impact_set\footsteps\train_0326.wav,non_stationary
data\raw\noise\impact_set\footsteps\train_0327.wav,non_stationary
data\raw\noise\impact_set\footsteps\train_0328.wav,non_stationary
data\raw\noise\impact_set\footsteps\train_0329.wav,non_stationary
data\raw\noise\impact_set\footsteps\train_0330.wav,non_stationary
data\raw\noise\impact_set\footsteps\train_0331.wav,non_stationary
data\raw\noise\impact_set\footsteps\train_0332.wav,non_stationary
data\raw\noise\impact_set\footsteps\train_0333.wav,non_stationary
data\raw\noise\impact_set\footsteps\train_0334.wav,non_stationary
data\raw\noise\impact_set\footsteps\train_0335.wav,non_stationary
data\raw\noise\impact_set\footsteps\train_0336.wav,non_stationary
data\raw\noise\impact_set\footsteps\train_0337.wav,non_stationary
data\raw\noise\impact_set\footsteps\train_0338.wav,non_stationary
data\raw\noise\impact_set\footsteps\train_0339.wav,non_stationary
data\raw\noise\impact_set\footsteps\train_0340.wav,non_stationary
data\raw\noise\impact_set\footsteps\train_0341.wav,non_stationary
data\raw\noise\impact_set\footsteps\train_0342.wav,non_stationary
data\raw\noise\impact_set\footsteps\train_0343.wav,non_stationary
data\raw\noise\impact_set\footsteps\train_0344.wav,non_stationary
data\raw\noise\impact_set\footsteps\train_0345.wav,non_stationary
data\raw\noise\impact_set\footsteps\train_0346.wav,non_stationary
data\raw\noise\impact_set\footsteps\train_0347.wav,non_stationary
data\raw\noise\impact_set\footsteps\train_0348.wav,non_stationary
data\raw\noise\impact_set\footsteps\train_0349.wav,non_stationary
data\raw\noise\impact_set\footsteps\train_0350.wav,non_stationary
data\raw\noise\impact_set\footsteps\train_0351.wav,non_stationary
data\raw\noise\impact_set\footsteps\train_0352.wav,non_stationary
data\raw\noise\impact_set\footsteps\train_0353.wav,non_stationary
data\raw\noise\impact_set\footsteps\train_0354.wav,non_stationary
data\raw\noise\impact_set\footsteps\train_0355.wav,non_stationary
data\raw\noise\impact_set\footsteps\train_0356.wav,non_stationary
data\raw\noise\impact_set\footsteps\train_0357.wav,non_stationary
data\raw\noise\impact_set\footsteps\train_0358.wav,non_stationary
data\raw\noise\impact_set\footsteps\train_0359.wav,non_stationary
data\raw\noise\impact_set\footsteps\train_0360.wav,non_stationary
data\raw\noise\impact_set\footsteps\train_0361.wav,non_stationary
data\raw\noise\impact_set\footsteps\train_0362.wav,non_stationary
data\raw\noise\impact_set\footsteps\train_0363.wav,non_stationary
data\raw\noise\impact_set\footsteps\train_0364.wav,non_stationary
data\raw\noise\impact_set\footsteps\train_0365.wav,non_stationary
data\raw\noise\impact_set\footsteps\train_0366.wav,non_stationary
data\raw\noise\impact_set\footsteps\train_0367.wav,non_stationary
data\raw\noise\impact_set\footsteps\train_0368.wav,non_stationary
data\raw\noise\impact_set\footsteps\train_0369.wav,non_stationary
data\raw\noise\impact_set\footsteps\train_0370.wav,non_stationary
data\raw\noise\impact_set\footsteps\train_0371.wav,non_stationary
data\raw\noise\impact_set\footsteps\train_0372.wav,non_stationary
data\raw\noise\impact_set\footsteps\train_0373.wav,non_stationary
data\raw\noise\impact_set\footsteps\train_0374.wav,non_stationary
data\raw\noise\impact_set\footsteps\train_0375.wav,non_stationary
data\raw\noise\impact_set\footsteps\train_0376.wav,non_stationary
data\raw\noise\impact_set\footsteps\train_0377.wav,non_stationary
data\raw\noise\impact_set\footsteps\train_0378.wav,non_stationary
data\raw\noise\impact_set\footsteps\train_0379.wav,non_stationary
data\raw\noise\impact_set\footsteps\train_0380.wav,non_stationary
data\raw\noise\impact_set\footsteps\train_0381.wav,non_stationary
data\raw\noise\impact_set\footsteps\train_0382.wav,non_stationary
data\raw\noise\impact_set\footsteps\train_0383.wav,non_stationary
data\raw\noise\impact_set\footsteps\train_0384.wav,non_stationary
data\raw\noise\impact_set\footsteps\train_0385.wav,non_stationary
data\raw\noise\impact_set\footsteps\train_0386.wav,non_stationary
data\raw\noise\impact_set\footsteps\train_0387.wav,non_stationary
data\raw\noise\impact_set\footsteps\train_0388.wav,non_stationary
data\raw\noise\impact_set\footsteps\train_0389.wav,non_stationary
data\raw\noise\impact_set\footsteps\train_0390.wav,non_stationary
data\raw\noise\impact_set\footsteps\train_0391.wav,non_stationary
data\raw\noise\impact_set\footsteps\train_0392.wav,non_stationary
data\raw\noise\impact_set\footsteps\train_0393.wav,non_stationary
data\raw\noise\impact_set\footsteps\train_0394.wav,non_stationary
data\raw\noise\impact_set\footsteps\train_0395.wav,non_stationary
data\raw\noise\impact_set\footsteps\train_0396.wav,non_stationary
data\raw\noise\impact_set\footsteps\train_0397.wav,non_stationary
data\raw\noise\impact_set\footsteps\train_0398.wav,non_stationary
data\raw\noise\impact_set\footsteps\train_0399.wav,non_stationary
data\raw\noise\impact_set\footsteps\train_0400.wav,non_stationary
data\raw\noise\impact_set\footsteps\train_0401.wav,non_stationary
data\raw\noise\impact_set\footsteps\train_0402.wav,non_stationary
data\raw\noise\impact_set\footsteps\train_0403.wav,non_stationary
data\raw\noise\impact_set\footsteps\train_0404.wav,non_stationary
data\raw\noise\impact_set\footsteps\train_0405.wav,non_stationary
data\raw\noise\impact_set\footsteps\train_0406.wav,non_stationary
data\raw\noise\impact_set\footsteps\train_0407.wav,non_stationary
data\raw\noise\impact_set\footsteps\train_0408.wav,non_stationary
data\raw\noise\impact_set\footsteps\train_0409.wav,non_stationary
data\raw\noise\impact_set\footsteps\train_0410.wav,non_stationary
data\raw\noise\impact_set\footsteps\train_0411.wav,non_stationary
data\raw\noise\impact_set\footsteps\train_0412.wav,non_stationary
data\raw\noise\impact_set\footsteps\train_0413.wav,non_stationary
data\raw\noise\impact_set\footsteps\train_0414.wav,non_stationary
data\raw\noise\impact_set\footsteps\train_0415.wav,non_stationary
data\raw\noise\impact_set\footsteps\train_0416.wav,non_stationary
data\raw\noise\impact_set\footsteps\train_0417.wav,non_stationary
data\raw\noise\impact_set\footsteps\train_0418.wav,non_stationary
data\raw\noise\impact_set\footsteps\train_0419.wav,non_stationary
data\raw\noise\impact_set\footsteps\train_0420.wav,non_stationary
data\raw\noise\impact_set\footsteps\train_0421.wav,non_stationary
data\raw\noise\impact_set\footsteps\train_0422.wav,non_stationary
data\raw\noise\impact_set\footsteps\train_0423.wav,non_stationary
data\raw\noise\impact_set\footsteps\train_0424.wav,non_stationary
data\raw\noise\impact_set\footsteps\train_0425.wav,non_stationary
data\raw\noise\impact_set\footsteps\train_0426.wav,non_stationary
data\raw\noise\impact_set\footsteps\train_0427.wav,non_stationary
data\raw\noise\impact_set\footsteps\train_0428.wav,non_stationary
data\raw\noise\impact_set\footsteps\train_0429.wav,non_stationary
data\raw\noise\impact_set\footsteps\train_0430.wav,non_stationary
data\raw\noise\impact_set\footsteps\train_0431.wav,non_stationary
data\raw\noise\impact_set\footsteps\train_0432.wav,non_stationary
data\raw\noise\impact_set\footsteps\train_0433.wav,non_stationary
data\raw\noise\impact_set\footsteps\train_0434.wav,non_stationary
data\raw\noise\impact_set\footsteps\train_0435.wav,non_stationary
data\raw\noise\impact_set\footsteps\train_0436.wav,non_stationary
data\raw\noise\impact_set\footsteps\train_0437.wav,non_stationary
data\raw\noise\impact_set\footsteps\train_0438.wav,non_stationary
data\raw\noise\impact_set\footsteps\train_0439.wav,non_stationary
data\raw\noise\impact_set\footsteps\train_0440.wav,non_stationary
data\raw\noise\impact_set\footsteps\train_0441.wav,non_stationary
data\raw\noise\impact_set\footsteps\train_0442.wav,non_stationary
data\raw\noise\impact_set\footsteps\train_0443.wav,non_stationary
data\raw\noise\impact_set\footsteps\train_0444.wav,non_stationary
data\raw\noise\impact_set\footsteps\train_0445.wav,non_stationary
data\raw\noise\impact_set\footsteps\train_0446.wav,non_stationary
data\raw\noise\impact_set\footsteps\train_0447.wav,non_stationary
data\raw\noise\impact_set\footsteps\train_0448.wav,non_stationary
data\raw\noise\impact_set\footsteps\train_0449.wav,non_stationary
data\raw\noise\impact_set\footsteps\train_0450.wav,non_stationary
data\raw\noise\impact_set\footsteps\train_0451.wav,non_stationary
data\raw\noise\impact_set\footsteps\train_0452.wav,non_stationary
data\raw\noise\impact_set\footsteps\train_0453.wav,non_stationary
data\raw\noise\impact_set\footsteps\train_0454.wav,non_stationary
data\raw\noise\impact_set\footsteps\train_0455.wav,non_stationary
data\raw\noise\impact_set\footsteps\train_0456.wav,non_stationary
data\raw\noise\impact_set\footsteps\train_0457.wav,non_stationary
data\raw\noise\impact_set\footsteps\train_0458.wav,non_stationary
data\raw\noise\impact_set\footsteps\train_0459.wav,non_stationary
data\raw\noise\impact_set\footsteps\train_0460.wav,non_stationary
data\raw\noise\impact_set\footsteps\train_0461.wav,non_stationary
data\raw\noise\impact_set\footsteps\train_0462.wav,non_stationary
data\raw\noise\impact_set\footsteps\train_0463.wav,non_stationary
data\raw\noise\impact_set\footsteps\train_0464.wav,non_stationary
data\raw\noise\impact_set\footsteps\train_0465.wav,non_stationary
data\raw\noise\impact_set\footsteps\train_0466.wav,non_stationary
data\raw\noise\impact_set\footsteps\train_0467.wav,non_stationary
data\raw\noise\impact_set\footsteps\train_0468.wav,non_stationary
data\raw\noise\impact_set\footsteps\train_0469.wav,non_stationary
data\raw\noise\impact_set\footsteps\train_0470.wav,non_stationary
data\raw\noise\impact_set\footsteps\train_0471.wav,non_stationary
data\raw\noise\impact_set\footsteps\train_0472.wav,non_stationary
data\raw\noise\impact_set\footsteps\train_0473.wav,non_stationary
data\raw\noise\impact_set\footsteps\train_0474.wav,non_stationary
data\raw\noise\impact_set\footsteps\train_0475.wav,non_stationary
data\raw\noise\impact_set\footsteps\train_0476.wav,non_stationary
data\raw\noise\impact_set\footsteps\train_0477.wav,non_stationary
data\raw\noise\impact_set\footsteps\train_0478.wav,non_stationary
data\raw\noise\impact_set\footsteps\train_0479.wav,non_stationary
data\raw\noise\impact_set\footsteps\train_0480.wav,non_stationary
data\raw\noise\impact_set\footsteps\train_0481.wav,non_stationary
data\raw\noise\impact_set\footsteps\train_0482.wav,non_stationary
data\raw\noise\impact_set\footsteps\train_0483.wav,non_stationary
data\raw\noise\impact_set\footsteps\train_0484.wav,non_stationary
data\raw\noise\impact_set\footsteps\train_0485.wav,non_stationary
data\raw\noise\impact_set\footsteps\train_0486.wav,non_stationary
data\raw\noise\impact_set\footsteps\train_0487.wav,non_stationary
data\raw\noise\impact_set\footsteps\train_0488.wav,non_stationary
data\raw\noise\impact_set\footsteps\train_0489.wav,non_stationary
data\raw\noise\impact_set\footsteps\train_0490.wav,non_stationary
data\raw\noise\impact_set\footsteps\train_0491.wav,non_stationary
data\raw\noise\impact_set\footsteps\train_0492.wav,non_stationary
data\raw\noise\impact_set\footsteps\train_0493.wav,non_stationary
data\raw\noise\impact_set\footsteps\train_0494.wav,non_stationary
data\raw\noise\impact_set\footsteps\train_0495.wav,non_stationary
data\raw\noise\impact_set\footsteps\train_0496.wav,non_stationary
data\raw\noise\impact_set\footsteps\train_0497.wav,non_stationary
data\raw\noise\impact_set\footsteps\train_0498.wav,non_stationary
data\raw\noise\impact_set\footsteps\train_0499.wav,non_stationary
data\raw\noise\impact_set\footsteps\train_0500.wav,non_stationary
data\raw\noise\impact_set\footsteps\train_0501.wav,non_stationary
data\raw\noise\impact_set\footsteps\train_0502.wav,non_stationary
data\raw\noise\impact_set\footsteps\train_0503.wav,non_stationary
data\raw\noise\impact_set\footsteps\train_0504.wav,non_stationary
data\raw\noise\impact_set\footsteps\train_0505.wav,non_stationary
data\raw\noise\impact_set\footsteps\train_0506.wav,non_stationary
data\raw\noise\impact_set\footsteps\train_0507.wav,non_stationary
data\raw\noise\impact_set\footsteps\train_0508.wav,non_stationary
data\raw\noise\impact_set\footsteps\train_0509.wav,non_stationary
data\raw\noise\impact_set\footsteps\train_0510.wav,non_stationary
data\raw\noise\impact_set\footsteps\train_0511.wav,non_stationary
data\raw\noise\impact_set\footsteps\train_0512.wav,non_stationary
data\raw\noise\impact_set\footsteps\train_0513.wav,non_stationary
data\raw\noise\impact_set\footsteps\train_0514.wav,non_stationary
data\raw\noise\impact_set\footsteps\train_0515.wav,non_stationary
data\raw\noise\impact_set\footsteps\train_0516.wav,non_stationary
data\raw\noise\impact_set\footsteps\train_0517.wav,non_stationary
data\raw\noise\impact_set\footsteps\train_0518.wav,non_stationary
data\raw\noise\impact_set\footsteps\train_0519.wav,non_stationary
data\raw\noise\impact_set\footsteps\train_0520.wav,non_stationary
data\raw\noise\impact_set\footsteps\train_0521.wav,non_stationary
data\raw\noise\impact_set\footsteps\train_0522.wav,non_stationary
data\raw\noise\impact_set\footsteps\train_0523.wav,non_stationary
data\raw\noise\impact_set\footsteps\train_0524.wav,non_stationary
data\raw\noise\impact_set\footsteps\train_0525.wav,non_stationary
data\raw\noise\impact_set\footsteps\train_0526.wav,non_stationary
data\raw\noise\impact_set\footsteps\train_0527.wav,non_stationary
data\raw\noise\impact_set\footsteps\train_0528.wav,non_stationary
data\raw\noise\impact_set\footsteps\train_0529.wav,non_stationary
data\raw\noise\impact_set\footsteps\train_0530.wav,non_stationary
data\raw\noise\impact_set\footsteps\train_0531.wav,non_stationary
data\raw\noise\impact_set\footsteps\train_0532.wav,non_stationary
data\raw\noise\impact_set\footsteps\train_0533.wav,non_stationary
data\raw\noise\impact_set\footsteps\train_0534.wav,non_stationary
data\raw\noise\impact_set\footsteps\train_0535.wav,non_stationary
data\raw\noise\impact_set\footsteps\train_0536.wav,non_stationary
data\raw\noise\impact_set\footsteps\train_0537.wav,non_stationary
data\raw\noise\impact_set\footsteps\train_0538.wav,non_stationary
data\raw\noise\impact_set\footsteps\train_0539.wav,non_stationary
data\raw\noise\impact_set\footsteps\train_0540.wav,non_stationary
data\raw\noise\impact_set\footsteps\train_0541.wav,non_stationary
data\raw\noise\impact_set\footsteps\train_0542.wav,non_stationary
data\raw\noise\impact_set\footsteps\train_0543.wav,non_stationary
data\raw\noise\impact_set\footsteps\train_0544.wav,non_stationary
data\raw\noise\impact_set\footsteps\train_0545.wav,non_stationary
data\raw\noise\impact_set\footsteps\train_0546.wav,non_stationary
data\raw\noise\impact_set\footsteps\train_0547.wav,non_stationary
data\raw\noise\impact_set\footsteps\train_0548.wav,non_stationary
data\raw\noise\impact_set\footsteps\train_0549.wav,non_stationary
data\raw\noise\impact_set\footsteps\train_0550.wav,non_stationary
data\raw\noise\impact_set\footsteps\train_0551.wav,non_stationary
data\raw\noise\impact_set\footsteps\train_0552.wav,non_stationary
data\raw\noise\impact_set\footsteps\train_0553.wav,non_stationary
data\raw\noise\impact_set\footsteps\train_0554.wav,non_stationary
data\raw\noise\impact_set\footsteps\train_0555.wav,non_stationary
data\raw\noise\impact_set\footsteps\train_0556.wav,non_stationary
data\raw\noise\impact_set\footsteps\train_0557.wav,non_stationary
data\raw\noise\impact_set\footsteps\train_0558.wav,non_stationary
data\raw\noise\impact_set\footsteps\train_0559.wav,non_stationary
data\raw\noise\impact_set\footsteps\train_0560.wav,non_stationary
data\raw\noise\impact_set\footsteps\train_0561.wav,non_stationary
data\raw\noise\impact_set\footsteps\train_0562.wav,non_stationary
data\raw\noise\impact_set\footsteps\train_0563.wav,non_stationary
data\raw\noise\impact_set\footsteps\train_0564.wav,non_stationary
data\raw\noise\impact_set\footsteps\train_0565.wav,non_stationary
data\raw\noise\impact_set\footsteps\train_0566.wav,non_stationary
data\raw\noise\impact_set\footsteps\train_0567.wav,non_stationary
data\raw\noise\impact_set\footsteps\train_0568.wav,non_stationary
data\raw\noise\impact_set\footsteps\train_0569.wav,non_stationary
data\raw\noise\impact_set\footsteps\train_0570.wav,non_stationary
data\raw\noise\impact_set\footsteps\train_0571.wav,non_stationary
data\raw\noise\impact_set\footsteps\train_0572.wav,non_stationary
data\raw\noise\impact_set\footsteps\train_0573.wav,non_stationary
data\raw\noise\impact_set\footsteps\train_0574.wav,non_stationary
data\raw\noise\impact_set\footsteps\train_0575.wav,non_stationary
data\raw\noise\impact_set\footsteps\train_0576.wav,non_stationary
data\raw\noise\impact_set\footsteps\train_0577.wav,non_stationary
data\raw\noise\impact_set\footsteps\train_0578.wav,non_stationary
data\raw\noise\impact_set\footsteps\train_0579.wav,non_stationary
data\raw\noise\impact_set\footsteps\train_0580.wav,non_stationary
data\raw\noise\impact_set\footsteps\train_0581.wav,non_stationary
data\raw\noise\impact_set\footsteps\train_0582.wav,non_stationary
data\raw\noise\impact_set\footsteps\train_0583.wav,non_stationary
data\raw\noise\impact_set\footsteps\train_0584.wav,non_stationary
data\raw\noise\impact_set\footsteps\train_0585.wav,non_stationary
data\raw\noise\impact_set\footsteps\train_0586.wav,non_stationary
data\raw\noise\impact_set\footsteps\train_0587.wav,non_stationary
data\raw\noise\impact_set\footsteps\train_0588.wav,non_stationary
data\raw\noise\impact_set\footsteps\train_0589.wav,non_stationary
data\raw\noise\impact_set\footsteps\train_0590.wav,non_stationary
data\raw\noise\impact_set\footsteps\train_0591.wav,non_stationary
data\raw\noise\impact_set\footsteps\train_0592.wav,non_stationary
data\raw\noise\impact_set\footsteps\train_0593.wav,non_stationary
data\raw\noise\impact_set\footsteps\train_0594.wav,non_stationary
data\raw\noise\impact_set\footsteps\train_0595.wav,non_stationary
data\raw\noise\impact_set\footsteps\train_0596.wav,non_stationary
data\raw\noise\impact_set\footsteps\train_0597.wav,non_stationary
data\raw\noise\impact_set\footsteps\train_0598.wav,non_stationary
data\raw\noise\impact_set\footsteps\train_0599.wav,non_stationary
data\raw\noise\impact_set\footsteps\train_0600.wav,non_stationary
data\raw\noise\impact_set\footsteps\train_0601.wav,non_stationary
data\raw\noise\impact_set\footsteps\train_0602.wav,non_stationary
data\raw\noise\impact_set\footsteps\train_0603.wav,non_stationary
data\raw\noise\impact_set\footsteps\train_0604.wav,non_stationary
data\raw\noise\impact_set\footsteps\train_0605.wav,non_stationary
data\raw\noise\impact_set\footsteps\train_0606.wav,non_stationary
data\raw\noise\impact_set\footsteps\train_0607.wav,non_stationary
data\raw\noise\impact_set\footsteps\train_0608.wav,non_stationary
data\raw\noise\impact_set\footsteps\train_0609.wav,non_stationary
data\raw\noise\impact_set\footsteps\train_0610.wav,non_stationary
data\raw\noise\impact_set\footsteps\train_0611.wav,non_stationary
data\raw\noise\impact_set\footsteps\train_0612.wav,non_stationary
data\raw\noise\impact_set\footsteps\train_0613.wav,non_stationary
data\raw\noise\impact_set\footsteps\train_0614.wav,non_stationary
data\raw\noise\impact_set\footsteps\train_0615.wav,non_stationary
data\raw\noise\impact_set\footsteps\train_0616.wav,non_stationary
data\raw\noise\impact_set\footsteps\train_0617.wav,non_stationary
data\raw\noise\impact_set\footsteps\train_0618.wav,non_stationary
data\raw\noise\impact_set\footsteps\train_0619.wav,non_stationary
data\raw\noise\impact_set\footsteps\train_0620.wav,non_stationary
data\raw\noise\impact_set\footsteps\train_0621.wav,non_stationary
data\raw\noise\impact_set\footsteps\train_0622.wav,non_stationary
data\raw\noise\impact_set\footsteps\train_0623.wav,non_stationary
data\raw\noise\impact_set\footsteps\train_0624.wav,non_stationary
data\raw\noise\impact_set\footsteps\train_0625.wav,non_stationary
data\raw\noise\impact_set\footsteps\train_0626.wav,non_stationary
data\raw\noise\impact_set\footsteps\train_0627.wav,non_stationary
data\raw\noise\impact_set\footsteps\train_0628.wav,non_stationary
data\raw\noise\impact_set\footsteps\train_0629.wav,non_stationary
data\raw\noise\impact_set\footsteps\train_0630.wav,non_stationary
data\raw\noise\impact_set\footsteps\train_0631.wav,non_stationary
data\raw\noise\impact_set\footsteps\train_0632.wav,non_stationary
data\raw\noise\impact_set\footsteps\train_0633.wav,non_stationary
data\raw\noise\impact_set\footsteps\train_0634.wav,non_stationary
data\raw\noise\impact_set\footsteps\train_0635.wav,non_stationary
data\raw\noise\impact_set\footsteps\train_0636.wav,non_stationary
data\raw\noise\impact_set\footsteps\train_0637.wav,non_stationary
data\raw\noise\impact_set\footsteps\train_0638.wav,non_stationary
data\raw\noise\impact_set\footsteps\train_0639.wav,non_stationary
data\raw\noise\impact_set\footsteps\train_0640.wav,non_stationary
data\raw\noise\impact_set\footsteps\train_0641.wav,non_stationary
data\raw\noise\impact_set\footsteps\train_0642.wav,non_stationary
data\raw\noise\impact_set\footsteps\train_0643.wav,non_stationary
data\raw\noise\impact_set\footsteps\train_0644.wav,non_stationary
data\raw\noise\impact_set\footsteps\train_0645.wav,non_stationary
data\raw\noise\impact_set\footsteps\train_0646.wav,non_stationary
data\raw\noise\impact_set\footsteps\train_0647.wav,non_stationary
data\raw\noise\impact_set\footsteps\train_0648.wav,non_stationary
data\raw\noise\impact_set\footsteps\train_0649.wav,non_stationary
data\raw\noise\impact_set\footsteps\train_0650.wav,non_stationary
data\raw\noise\impact_set\footsteps\train_0651.wav,non_stationary
data\raw\noise\impact_set\footsteps\train_0652.wav,non_stationary
data\raw\noise\impact_set\footsteps\train_0653.wav,non_stationary
data\raw\noise\impact_set\footsteps\train_0654.wav,non_stationary
data\raw\noise\impact_set\footsteps\train_0655.wav,non_stationary
data\raw\noise\impact_set\footsteps\train_0656.wav,non_stationary
data\raw\noise\impact_set\footsteps\train_0657.wav,non_stationary
data\raw\noise\impact_set\footsteps\train_0658.wav,non_stationary
data\raw\noise\impact_set\footsteps\train_0659.wav,non_stationary
data\raw\noise\impact_set\footsteps\train_0660.wav,non_stationary
data\raw\noise\impact_set\footsteps\train_0661.wav,non_stationary
data\raw\noise\impact_set\footsteps\train_0662.wav,non_stationary
data\raw\noise\impact_set\footsteps\train_0663.wav,non_stationary
data\raw\noise\impact_set\footsteps\train_0664.wav,non_stationary
data\raw\noise\impact_set\footsteps\train_0665.wav,non_stationary
data\raw\noise\impact_set\footsteps\train_0666.wav,non_stationary
data\raw\noise\impact_set\footsteps\train_0667.wav,non_stationary
data\raw\noise\impact_set\footsteps\train_0668.wav,non_stationary
data\raw\noise\impact_set\footsteps\train_0669.wav,non_stationary
data\raw\noise\impact_set\footsteps\train_0670.wav,non_stationary
data\raw\noise\impact_set\footsteps\train_0671.wav,non_stationary
data\raw\noise\impact_set\footsteps\train_0672.wav,non_stationary
data\raw\noise\impact_set\footsteps\train_0673.wav,non_stationary
data\raw\noise\impact_set\footsteps\train_0674.wav,non_stationary
data\raw\noise\impact_set\footsteps\train_0675.wav,non_stationary
data\raw\noise\impact_set\footsteps\train_0676.wav,non_stationary
data\raw\noise\impact_set\footsteps\train_0677.wav,non_stationary
data\raw\noise\impact_set\footsteps\train_0678.wav,non_stationary
data\raw\noise\impact_set\footsteps\train_0679.wav,non_stationary
data\raw\noise\impact_set\footsteps\train_0680.wav,non_stationary
data\raw\noise\impact_set\footsteps\train_0681.wav,non_stationary
data\raw\noise\impact_set\footsteps\train_0682.wav,non_stationary
data\raw\noise\impact_set\footsteps\train_0683.wav,non_stationary
data\raw\noise\impact_set\footsteps\train_0684.wav,non_stationary
data\raw\noise\impact_set\footsteps\train_0685.wav,non_stationary
data\raw\noise\impact_set\footsteps\train_0686.wav,non_stationary
data\raw\noise\impact_set\footsteps\train_0687.wav,non_stationary
data\raw\noise\impact_set\footsteps\train_0688.wav,non_stationary
data\raw\noise\impact_set\footsteps\train_0689.wav,non_stationary
data\raw\noise\impact_set\footsteps\train_0690.wav,non_stationary
data\raw\noise\impact_set\footsteps\train_0691.wav,non_stationary
data\raw\noise\impact_set\footsteps\train_0692.wav,non_stationary
data\raw\noise\impact_set\footsteps\train_0693.wav,non_stationary
data\raw\noise\impact_set\footsteps\train_0694.wav,non_stationary
data\raw\noise\impact_set\footsteps\train_0695.wav,non_stationary
data\raw\noise\impact_set\footsteps\train_0696.wav,non_stationary
data\raw\noise\impact_set\footsteps\train_0697.wav,non_stationary
data\raw\noise\impact_set\footsteps\train_0698.wav,non_stationary
data\raw\noise\impact_set\footsteps\train_0699.wav,non_stationary
data\raw\noise\impact_set\footsteps\train_0700.wav,non_stationary
data\raw\noise\impact_set\footsteps\train_0701.wav,non_stationary
data\raw\noise\impact_set\footsteps\train_0702.wav,non_stationary
data\raw\noise\impact_set\footsteps\train_0703.wav,non_stationary
data\raw\noise\impact_set\footsteps\train_0704.wav,non_stationary
data\raw\noise\impact_set\footsteps\train_0705.wav,non_stationary
data\raw\noise\impact_set\footsteps\train_0706.wav,non_stationary
data\raw\noise\impact_set\footsteps\train_0707.wav,non_stationary
data\raw\noise\impact_set\footsteps\train_0708.wav,non_stationary
data\raw\noise\impact_set\footsteps\train_0709.wav,non_stationary
data\raw\noise\impact_set\footsteps\train_0710.wav,non_stationary
data\raw\noise\impact_set\footsteps\train_0711.wav,non_stationary
data\raw\noise\impact_set\footsteps\train_0712.wav,non_stationary
data\raw\noise\impact_set\footsteps\train_0713.wav,non_stationary
data\raw\noise\impact_set\footsteps\train_0714.wav,non_stationary
data\raw\noise\impact_set\footsteps\train_0715.wav,non_stationary
data\raw\noise\impact_set\footsteps\train_0716.wav,non_stationary
data\raw\noise\impact_set\footsteps\train_0717.wav,non_stationary
data\raw\noise\impact_set\footsteps\train_0718.wav,non_stationary
data\raw\noise\impact_set\footsteps\train_0719.wav,non_stationary
data\raw\noise\impact_set\footsteps\train_0720.wav,non_stationary
data\raw\noise\impact_set\footsteps\train_0721.wav,non_stationary
data\raw\noise\impact_set\footsteps\train_0722.wav,non_stationary
data\raw\noise\impact_set\footsteps\train_0723.wav,non_stationary
data\raw\noise\impact_set\footsteps\train_0724.wav,non_stationary
data\raw\noise\impact_set\footsteps\train_0725.wav,non_stationary
data\raw\noise\impact_set\footsteps\train_0726.wav,non_stationary
data\raw\noise\impact_set\footsteps\train_0727.wav,non_stationary
data\raw\noise\impact_set\footsteps\train_0728.wav,non_stationary
data\raw\noise\impact_set\footsteps\train_0729.wav,non_stationary
data\raw\noise\impact_set\footsteps\train_0730.wav,non_stationary
data\raw\noise\impact_set\footsteps\train_0731.wav,non_stationary
data\raw\noise\impact_set\footsteps\train_0732.wav,non_stationary
data\raw\noise\impact_set\footsteps\train_0733.wav,non_stationary
data\raw\noise\impact_set\footsteps\train_0734.wav,non_stationary
data\raw\noise\impact_set\footsteps\train_0735.wav,non_stationary
data\raw\noise\impact_set\footsteps\train_0736.wav,non_stationary
data\raw\noise\impact_set\footsteps\train_0737.wav,non_stationary
data\raw\noise\impact_set\footsteps\train_0738.wav,non_stationary
data\raw\noise\impact_set\footsteps\train_0739.wav,non_stationary
data\raw\noise\impact_set\footsteps\train_0740.wav,non_stationary
data\raw\noise\impact_set\footsteps\train_0741.wav,non_stationary
data\raw\noise\impact_set\footsteps\train_0742.wav,non_stationary
data\raw\noise\impact_set\footsteps\train_0743.wav,non_stationary
data\raw\noise\impact_set\footsteps\train_0744.wav,non_stationary
data\raw\noise\impact_set\footsteps\train_0745.wav,non_stationary
data\raw\noise\impact_set\footsteps\train_0746.wav,non_stationary
data\raw\noise\impact_set\footsteps\train_0747.wav,non_stationary
data\raw\noise\impact_set\footsteps\train_0748.wav,non_stationary
data\raw\noise\impact_set\footsteps\train_0749.wav,non_stationary
data\raw\noise\impact_set\footsteps\train_0750.wav,non_stationary
data\raw\noise\impact_set\footsteps\train_0751.wav,non_stationary
data\raw\noise\impact_set\footsteps\train_0752.wav,non_stationary
data\raw\noise\impact_set\footsteps\train_0753.wav,non_stationary
data\raw\noise\impact_set\footsteps\train_0754.wav,non_stationary
data\raw\noise\impact_set\footsteps\train_0755.wav,non_stationary
data\raw\noise\impact_set\footsteps\train_0756.wav,non_stationary
data\raw\noise\impact_set\footsteps\train_0757.wav,non_stationary
data\raw\noise\impact_set\footsteps\train_0758.wav,non_stationary
data\raw\noise\impact_set\footsteps\train_0759.wav,non_stationary
data\raw\noise\impact_set\footsteps\train_0760.wav,non_stationary
data\raw\noise\impact_set\footsteps\train_0761.wav,non_stationary
data\raw\noise\impact_set\footsteps\train_0762.wav,non_stationary
data\raw\noise\impact_set\footsteps\train_0763.wav,non_stationary
data\raw\noise\impact_set\footsteps\train_0764.wav,non_stationary
data\raw\noise\impact_set\footsteps\train_0765.wav,non_stationary
data\raw\noise\impact_set\footsteps\train_0766.wav,non_stationary
data\raw\noise\impact_set\footsteps\train_0767.wav,non_stationary
data\raw\noise\impact_set\footsteps\train_0768.wav,non_stationary
data\raw\noise\impact_set\footsteps\train_0769.wav,non_stationary
data\raw\noise\impact_set\footsteps\train_0770.wav,non_stationary
data\raw\noise\impact_set\footsteps\train_0771.wav,non_stationary
data\raw\noise\impact_set\footsteps\train_0772.wav,non_stationary
data\raw\noise\impact_set\footsteps\train_0773.wav,non_stationary
data\raw\noise\impact_set\footsteps\train_0774.wav,non_stationary
data\raw\noise\impact_set\footsteps\train_0775.wav,non_stationary
data\raw\noise\impact_set\footsteps\train_0776.wav,non_stationary
data\raw\noise\impact_set\footsteps\train_0777.wav,non_stationary
data\raw\noise\impact_set\footsteps\train_0778.wav,non_stationary
data\raw\noise\impact_set\footsteps\train_0779.wav,non_stationary
data\raw\noise\impact_set\footsteps\train_0780.wav,non_stationary
data\raw\noise\impact_set\footsteps\train_0781.wav,non_stationary
data\raw\noise\impact_set\footsteps\train_0782.wav,non_stationary
data\raw\noise\impact_set\footsteps\train_0783.wav,non_stationary
data\raw\noise\impact_set\footsteps\train_0784.wav,non_stationary
data\raw\noise\impact_set\footsteps\train_0785.wav,non_stationary
data\raw\noise\impact_set\footsteps\train_0786.wav,non_stationary
data\raw\noise\impact_set\footsteps\train_0787.wav,non_stationary
data\raw\noise\impact_set\footsteps\train_0788.wav,non_stationary
data\raw\noise\impact_set\footsteps\train_0789.wav,non_stationary
data\raw\noise\impact_set\footsteps\train_0790.wav,non_stationary
data\raw\noise\impact_set\footsteps\train_0791.wav,non_stationary
data\raw\noise\impact_set\footsteps\train_0792.wav,non_stationary
data\raw\noise\impact_set\footsteps\train_0793.wav,non_stationary
data\raw\noise\impact_set\footsteps\train_0794.wav,non_stationary
data\raw\noise\impact_set\footsteps\train_0795.wav,non_stationary
data\raw\noise\impact_set\footsteps\train_0796.wav,non_stationary
data\raw\noise\impact_set\footsteps\train_0797.wav,non_stationary
data\raw\noise\impact_set\footsteps\train_0798.wav,non_stationary
data\raw\noise\impact_set\gunshots\extra_gs1.wav,impulsive
data\raw\noise\impact_set\gunshots\extra_gs2.wav,impulsive
data\raw\noise\impact_set\gunshots\extra_gs3.wav,impulsive
data\raw\noise\impact_set\gunshots\extra_gs4.wav,impulsive
data\raw\noise\impact_set\gunshots\extra_gs5.wav,impulsive
data\raw\noise\impact_set\gunshots\extra_gs6.wav,impulsive
data\raw\noise\impact_set\gunshots\extra_gs7.wav,impulsive
data\raw\noise\impact_set\gunshots\test_1104.wav,impulsive
data\raw\noise\impact_set\gunshots\test_1105.wav,impulsive
data\raw\noise\impact_set\gunshots\test_1106.wav,impulsive
data\raw\noise\impact_set\gunshots\test_1107.wav,impulsive
data\raw\noise\impact_set\gunshots\test_1108.wav,impulsive
data\raw\noise\impact_set\gunshots\test_1109.wav,impulsive
data\raw\noise\impact_set\gunshots\test_1110.wav,impulsive
data\raw\noise\impact_set\gunshots\test_1111.wav,impulsive
data\raw\noise\impact_set\gunshots\test_1112.wav,impulsive
data\raw\noise\impact_set\gunshots\test_1113.wav,impulsive
data\raw\noise\impact_set\gunshots\test_1114.wav,impulsive
data\raw\noise\impact_set\gunshots\test_1115.wav,impulsive
data\raw\noise\impact_set\gunshots\test_1116.wav,impulsive
data\raw\noise\impact_set\gunshots\test_1117.wav,impulsive
data\raw\noise\impact_set\gunshots\test_1118.wav,impulsive
data\raw\noise\impact_set\gunshots\test_1119.wav,impulsive
data\raw\noise\impact_set\gunshots\test_1120.wav,impulsive
data\raw\noise\impact_set\gunshots\test_1121.wav,impulsive
data\raw\noise\impact_set\gunshots\test_1122.wav,impulsive
data\raw\noise\impact_set\gunshots\test_1123.wav,impulsive
data\raw\noise\impact_set\gunshots\test_1124.wav,impulsive
data\raw\noise\impact_set\gunshots\test_1125.wav,impulsive
data\raw\noise\impact_set\gunshots\test_1126.wav,impulsive
data\raw\noise\impact_set\gunshots\test_1127.wav,impulsive
data\raw\noise\impact_set\gunshots\test_1128.wav,impulsive
data\raw\noise\impact_set\gunshots\test_1129.wav,impulsive
data\raw\noise\impact_set\gunshots\test_1130.wav,impulsive
data\raw\noise\impact_set\gunshots\test_1131.wav,impulsive
data\raw\noise\impact_set\gunshots\train_0852.wav,impulsive
data\raw\noise\impact_set\gunshots\train_0853.wav,impulsive
data\raw\noise\impact_set\gunshots\train_0854.wav,impulsive
data\raw\noise\impact_set\gunshots\train_0855.wav,impulsive
data\raw\noise\impact_set\gunshots\train_0856.wav,impulsive
data\raw\noise\impact_set\gunshots\train_0857.wav,impulsive
data\raw\noise\impact_set\gunshots\train_0858.wav,impulsive
data\raw\noise\impact_set\gunshots\train_0859.wav,impulsive
data\raw\noise\impact_set\gunshots\train_0860.wav,impulsive
data\raw\noise\impact_set\gunshots\train_0861.wav,impulsive
data\raw\noise\impact_set\gunshots\train_0862.wav,impulsive
data\raw\noise\impact_set\gunshots\train_0863.wav,impulsive
data\raw\noise\impact_set\gunshots\train_0864.wav,impulsive
data\raw\noise\impact_set\gunshots\train_0865.wav,impulsive
data\raw\noise\impact_set\gunshots\train_0866.wav,impulsive
data\raw\noise\impact_set\gunshots\train_0867.wav,impulsive
data\raw\noise\impact_set\gunshots\train_0868.wav,impulsive
data\raw\noise\impact_set\gunshots\train_0869.wav,impulsive
data\raw\noise\impact_set\gunshots\train_0870.wav,impulsive
data\raw\noise\impact_set\gunshots\train_0871.wav,impulsive
data\raw\noise\impact_set\gunshots\train_0872.wav,impulsive
data\raw\noise\impact_set\gunshots\train_0873.wav,impulsive
data\raw\noise\impact_set\gunshots\train_0874.wav,impulsive
data\raw\noise\impact_set\gunshots\train_0875.wav,impulsive
data\raw\noise\impact_set\gunshots\train_0876.wav,impulsive
data\raw\noise\impact_set\gunshots\train_0877.wav,impulsive
data\raw\noise\impact_set\gunshots\train_0878.wav,impulsive
data\raw\noise\impact_set\gunshots\train_0879.wav,impulsive
data\raw\noise\impact_set\gunshots\train_0880.wav,impulsive
data\raw\noise\impact_set\gunshots\train_0881.wav,impulsive
data\raw\noise\impact_set\gunshots\train_0882.wav,impulsive
data\raw\noise\impact_set\gunshots\train_0883.wav,impulsive
data\raw\noise\impact_set\gunshots\train_0884.wav,impulsive
data\raw\noise\impact_set\gunshots\train_0885.wav,impulsive
data\raw\noise\impact_set\gunshots\train_0886.wav,impulsive
data\raw\noise\impact_set\gunshots\train_0887.wav,impulsive
data\raw\noise\impact_set\gunshots\train_0888.wav,impulsive
data\raw\noise\impact_set\gunshots\train_0889.wav,impulsive
data\raw\noise\impact_set\gunshots\train_0890.wav,impulsive
data\raw\noise\impact_set\gunshots\train_0891.wav,impulsive
data\raw\noise\impact_set\gunshots\train_0892.wav,impulsive
data\raw\noise\impact_set\gunshots\train_0893.wav,impulsive
data\raw\noise\impact_set\gunshots\train_0894.wav,impulsive
data\raw\noise\impact_set\gunshots\train_0895.wav,impulsive
data\raw\noise\impact_set\gunshots\train_0896.wav,impulsive
data\raw\noise\impact_set\gunshots\train_0897.wav,impulsive
data\raw\noise\impact_set\gunshots\train_0898.wav,impulsive
data\raw\noise\impact_set\gunshots\train_0899.wav,impulsive
data\raw\noise\impact_set\gunshots\train_0900.wav,impulsive
data\raw\noise\impact_set\gunshots\train_0901.wav,impulsive
data\raw\noise\impact_set\gunshots\train_0902.wav,impulsive
data\raw\noise\impact_set\gunshots\train_0903.wav,impulsive
data\raw\noise\impact_set\gunshots\train_0904.wav,impulsive
data\raw\noise\impact_set\gunshots\train_0905.wav,impulsive
data\raw\noise\impact_set\gunshots\train_0906.wav,impulsive
data\raw\noise\impact_set\gunshots\train_0907.wav,impulsive
data\raw\noise\impact_set\gunshots\train_0908.wav,impulsive
data\raw\noise\impact_set\gunshots\train_0909.wav,impulsive
data\raw\noise\impact_set\gunshots\train_0910.wav,impulsive
data\raw\noise\impact_set\gunshots\train_0911.wav,impulsive
data\raw\noise\impact_set\gunshots\train_0912.wav,impulsive
data\raw\noise\impact_set\gunshots\train_0913.wav,impulsive
data\raw\noise\impact_set\gunshots\train_0914.wav,impulsive
data\raw\noise\impact_set\gunshots\train_0915.wav,impulsive
data\raw\noise\impact_set\gunshots\train_0916.wav,impulsive
data\raw\noise\impact_set\gunshots\train_0917.wav,impulsive
data\raw\noise\impact_set\gunshots\train_0918.wav,impulsive
data\raw\noise\impact_set\gunshots\train_0919.wav,impulsive
data\raw\noise\impact_set\gunshots\train_0920.wav,impulsive
data\raw\noise\impact_set\gunshots\train_0921.wav,impulsive
data\raw\noise\impact_set\gunshots\train_0922.wav,impulsive
data\raw\noise\impact_set\gunshots\train_0923.wav,impulsive
data\raw\noise\impact_set\gunshots\train_0924.wav,impulsive
data\raw\noise\impact_set\gunshots\train_0925.wav,impulsive
data\raw\noise\impact_set\gunshots\train_0926.wav,impulsive
data\raw\noise\impact_set\gunshots\train_0927.wav,impulsive
data\raw\noise\impact_set\gunshots\train_0928.wav,impulsive
data\raw\noise\impact_set\gunshots\train_0929.wav,impulsive
data\raw\noise\impact_set\gunshots\train_0930.wav,impulsive
data\raw\noise\impact_set\gunshots\train_0931.wav,impulsive
data\raw\noise\impact_set\gunshots\train_0932.wav,impulsive
data\raw\noise\impact_set\gunshots\train_0933.wav,impulsive
data\raw\noise\impact_set\gunshots\train_0934.wav,impulsive
data\raw\noise\impact_set\gunshots\train_0935.wav,impulsive
data\raw\noise\impact_set\gunshots\train_0936.wav,impulsive
data\raw\noise\impact_set\gunshots\train_0937.wav,impulsive
data\raw\noise\impact_set\gunshots\train_0938.wav,impulsive
data\raw\noise\impact_set\gunshots\train_0939.wav,impulsive
data\raw\noise\impact_set\gunshots\train_0940.wav,impulsive
data\raw\noise\impact_set\gunshots\train_0941.wav,impulsive
data\raw\noise\impact_set\gunshots\train_0942.wav,impulsive
data\raw\noise\impact_set\gunshots\train_0943.wav,impulsive
data\raw\noise\impact_set\gunshots\train_0944.wav,impulsive
data\raw\noise\impact_set\gunshots\train_0945.wav,impulsive
data\raw\noise\impact_set\gunshots\train_0946.wav,impulsive
data\raw\noise\impact_set\gunshots\train_0947.wav,impulsive
data\raw\noise\impact_set\gunshots\train_0948.wav,impulsive
data\raw\noise\impact_set\gunshots\train_0949.wav,impulsive
data\raw\noise\impact_set\gunshots\train_0950.wav,impulsive
data\raw\noise\impact_set\gunshots\train_0951.wav,impulsive
data\raw\noise\impact_set\gunshots\train_0952.wav,impulsive
data\raw\noise\impact_set\gunshots\train_0953.wav,impulsive
data\raw\noise\impact_set\gunshots\train_0954.wav,impulsive
data\raw\noise\impact_set\gunshots\train_0955.wav,impulsive
data\raw\noise\impact_set\gunshots\train_0956.wav,impulsive
data\raw\noise\impact_set\gunshots\train_0957.wav,impulsive
data\raw\noise\impact_set\gunshots\train_0958.wav,impulsive
data\raw\noise\impact_set\gunshots\train_0959.wav,impulsive
data\raw\noise\impact_set\gunshots\train_0960.wav,impulsive
data\raw\noise\impact_set\gunshots\train_0961.wav,impulsive
data\raw\noise\impact_set\gunshots\train_0962.wav,impulsive
data\raw\noise\impact_set\gunshots\train_0963.wav,impulsive
data\raw\noise\impact_set\gunshots\train_0964.wav,impulsive
data\raw\noise\impact_set\gunshots\train_0965.wav,impulsive
data\raw\noise\impact_set\gunshots\train_0966.wav,impulsive
data\raw\noise\impact_set\gunshots\train_0967.wav,impulsive
data\raw\noise\impact_set\gunshots\train_0968.wav,impulsive
data\raw\noise\impact_set\gunshots\train_0969.wav,impulsive
data\raw\noise\impact_set\gunshots\train_0970.wav,impulsive
data\raw\noise\impact_set\gunshots\train_0971.wav,impulsive
data\raw\noise\impact_set\gunshots\train_0972.wav,impulsive
data\raw\noise\impact_set\gunshots\train_0973.wav,impulsive
data\raw\noise\impact_set\gunshots\train_0974.wav,impulsive
data\raw\noise\impact_set\gunshots\train_0975.wav,impulsive
data\raw\noise\impact_set\gunshots\train_0976.wav,impulsive
data\raw\noise\impact_set\gunshots\train_0977.wav,impulsive
data\raw\noise\impact_set\gunshots\train_0978.wav,impulsive
data\raw\noise\impact_set\gunshots\train_0979.wav,impulsive
data\raw\noise\impact_set\gunshots\train_0980.wav,impulsive
data\raw\noise\impact_set\gunshots\train_0981.wav,impulsive
data\raw\noise\impact_set\gunshots\train_0982.wav,impulsive
data\raw\noise\impact_set\gunshots\train_0983.wav,impulsive
data\raw\noise\impact_set\gunshots\train_0984.wav,impulsive
data\raw\noise\impact_set\gunshots\train_0985.wav,impulsive
data\raw\noise\impact_set\gunshots\train_0986.wav,impulsive
data\raw\noise\impact_set\gunshots\train_0987.wav,impulsive
data\raw\noise\impact_set\gunshots\train_0988.wav,impulsive
data\raw\noise\impact_set\gunshots\train_0989.wav,impulsive
data\raw\noise\impact_set\gunshots\train_0990.wav,impulsive
data\raw\noise\impact_set\gunshots\train_0991.wav,impulsive
data\raw\noise\impact_set\gunshots\train_0992.wav,impulsive
data\raw\noise\impact_set\gunshots\train_0993.wav,impulsive
data\raw\noise\impact_set\gunshots\train_0994.wav,impulsive
data\raw\noise\impact_set\gunshots\train_0995.wav,impulsive
data\raw\noise\impact_set\gunshots\train_0996.wav,impulsive
data\raw\noise\impact_set\gunshots\train_0997.wav,impulsive
data\raw\noise\impact_set\gunshots\train_0998.wav,impulsive
data\raw\noise\impact_set\gunshots\train_0999.wav,impulsive
data\raw\noise\impact_set\gunshots\train_1000.wav,impulsive
data\raw\noise\impact_set\gunshots\train_1001.wav,impulsive
data\raw\noise\impact_set\gunshots\train_1002.wav,impulsive
data\raw\noise\impact_set\gunshots\train_1003.wav,impulsive
data\raw\noise\impact_set\gunshots\train_1004.wav,impulsive
data\raw\noise\impact_set\gunshots\train_1005.wav,impulsive
data\raw\noise\impact_set\gunshots\train_1006.wav,impulsive
data\raw\noise\impact_set\gunshots\train_1007.wav,impulsive
data\raw\noise\impact_set\gunshots\train_1008.wav,impulsive
data\raw\noise\impact_set\gunshots\train_1009.wav,impulsive
data\raw\noise\impact_set\gunshots\train_1010.wav,impulsive
data\raw\noise\impact_set\gunshots\train_1011.wav,impulsive
data\raw\noise\impact_set\gunshots\train_1012.wav,impulsive
data\raw\noise\impact_set\gunshots\train_1013.wav,impulsive
data\raw\noise\impact_set\gunshots\train_1014.wav,impulsive
data\raw\noise\impact_set\gunshots\train_1015.wav,impulsive
data\raw\noise\impact_set\gunshots\train_1016.wav,impulsive
data\raw\noise\impact_set\gunshots\train_1017.wav,impulsive
data\raw\noise\impact_set\gunshots\train_1018.wav,impulsive
data\raw\noise\impact_set\gunshots\train_1019.wav,impulsive
data\raw\noise\impact_set\gunshots\train_1020.wav,impulsive
data\raw\noise\impact_set\gunshots\train_1021.wav,impulsive
data\raw\noise\impact_set\gunshots\train_1022.wav,impulsive
data\raw\noise\impact_set\gunshots\train_1023.wav,impulsive
data\raw\noise\impact_set\gunshots\train_1024.wav,impulsive
data\raw\noise\impact_set\gunshots\train_1025.wav,impulsive
data\raw\noise\impact_set\gunshots\train_1026.wav,impulsive
data\raw\noise\impact_set\gunshots\train_1027.wav,impulsive
data\raw\noise\impact_set\gunshots\train_1028.wav,impulsive
data\raw\noise\impact_set\gunshots\train_1029.wav,impulsive
data\raw\noise\impact_set\gunshots\train_1030.wav,impulsive
data\raw\noise\impact_set\gunshots\train_1031.wav,impulsive
data\raw\noise\impact_set\gunshots\train_1032.wav,impulsive
data\raw\noise\impact_set\gunshots\train_1033.wav,impulsive
data\raw\noise\impact_set\gunshots\train_1034.wav,impulsive
data\raw\noise\impact_set\gunshots\train_1035.wav,impulsive
data\raw\noise\impact_set\gunshots\train_1036.wav,impulsive
data\raw\noise\impact_set\gunshots\train_1037.wav,impulsive
data\raw\noise\impact_set\gunshots\train_1038.wav,impulsive
data\raw\noise\impact_set\gunshots\train_1039.wav,impulsive
data\raw\noise\impact_set\gunshots\train_1040.wav,impulsive
data\raw\noise\impact_set\gunshots\train_1041.wav,impulsive
data\raw\noise\impact_set\gunshots\train_1042.wav,impulsive
data\raw\noise\impact_set\gunshots\train_1043.wav,impulsive
data\raw\noise\impact_set\gunshots\train_1044.wav,impulsive
data\raw\noise\impact_set\gunshots\train_1045.wav,impulsive
data\raw\noise\impact_set\gunshots\train_1046.wav,impulsive
data\raw\noise\impact_set\gunshots\train_1047.wav,impulsive
data\raw\noise\impact_set\gunshots\train_1048.wav,impulsive
data\raw\noise\impact_set\gunshots\train_1049.wav,impulsive
data\raw\noise\impact_set\gunshots\train_1050.wav,impulsive
data\raw\noise\impact_set\gunshots\train_1051.wav,impulsive
data\raw\noise\impact_set\gunshots\train_1052.wav,impulsive
data\raw\noise\impact_set\gunshots\train_1053.wav,impulsive
data\raw\noise\impact_set\gunshots\train_1054.wav,impulsive
data\raw\noise\impact_set\gunshots\train_1055.wav,impulsive
data\raw\noise\impact_set\gunshots\train_1056.wav,impulsive
data\raw\noise\impact_set\gunshots\train_1057.wav,impulsive
data\raw\noise\impact_set\gunshots\train_1058.wav,impulsive
data\raw\noise\impact_set\gunshots\train_1059.wav,impulsive
data\raw\noise\impact_set\gunshots\train_1060.wav,impulsive
data\raw\noise\impact_set\gunshots\train_1061.wav,impulsive
data\raw\noise\impact_set\gunshots\train_1062.wav,impulsive
data\raw\noise\impact_set\gunshots\train_1063.wav,impulsive
data\raw\noise\impact_set\gunshots\train_1064.wav,impulsive
data\raw\noise\impact_set\gunshots\train_1065.wav,impulsive
data\raw\noise\impact_set\gunshots\train_1066.wav,impulsive
data\raw\noise\impact_set\gunshots\train_1067.wav,impulsive
data\raw\noise\impact_set\gunshots\train_1068.wav,impulsive
data\raw\noise\impact_set\gunshots\train_1069.wav,impulsive
data\raw\noise\impact_set\gunshots\train_1070.wav,impulsive
data\raw\noise\impact_set\gunshots\train_1071.wav,impulsive
data\raw\noise\impact_set\gunshots\train_1072.wav,impulsive
data\raw\noise\impact_set\gunshots\train_1073.wav,impulsive
data\raw\noise\impact_set\gunshots\train_1074.wav,impulsive
data\raw\noise\impact_set\gunshots\train_1075.wav,impulsive
data\raw\noise\impact_set\gunshots\train_1076.wav,impulsive
data\raw\noise\impact_set\gunshots\train_1077.wav,impulsive
data\raw\noise\impact_set\gunshots\train_1078.wav,impulsive
data\raw\noise\impact_set\gunshots\train_1079.wav,impulsive
data\raw\noise\impact_set\gunshots\train_1080.wav,impulsive
data\raw\noise\impact_set\gunshots\train_1081.wav,impulsive
data\raw\noise\impact_set\gunshots\train_1082.wav,impulsive
data\raw\noise\impact_set\gunshots\train_1083.wav,impulsive
data\raw\noise\impact_set\gunshots\train_1084.wav,impulsive
data\raw\noise\impact_set\gunshots\train_1085.wav,impulsive
data\raw\noise\impact_set\gunshots\train_1086.wav,impulsive
data\raw\noise\impact_set\gunshots\train_1087.wav,impulsive
data\raw\noise\impact_set\gunshots\train_1088.wav,impulsive
data\raw\noise\impact_set\gunshots\train_1089.wav,impulsive
data\raw\noise\impact_set\gunshots\train_1090.wav,impulsive
data\raw\noise\impact_set\gunshots\train_1091.wav,impulsive
data\raw\noise\impact_set\gunshots\train_1092.wav,impulsive
data\raw\noise\impact_set\gunshots\train_1093.wav,impulsive
data\raw\noise\impact_set\gunshots\train_1094.wav,impulsive
data\raw\noise\impact_set\gunshots\train_1095.wav,impulsive
data\raw\noise\impact_set\gunshots\train_1096.wav,impulsive
data\raw\noise\impact_set\gunshots\train_1097.wav,impulsive
data\raw\noise\impact_set\gunshots\train_1098.wav,impulsive
data\raw\noise\impact_set\gunshots\train_1099.wav,impulsive
data\raw\noise\impact_set\gunshots\train_1100.wav,impulsive
data\raw\noise\impact_set\gunshots\train_1101.wav,impulsive
data\raw\noise\impact_set\gunshots\train_1102.wav,impulsive
data\raw\noise\impact_set\gunshots\train_1103.wav,impulsive
data\raw\noise\impact_set\knocks\test_1420.wav,impulsive
data\raw\noise\impact_set\knocks\test_1421.wav,impulsive
data\raw\noise\impact_set\knocks\test_1422.wav,impulsive
data\raw\noise\impact_set\knocks\test_1423.wav,impulsive
data\raw\noise\impact_set\knocks\test_1424.wav,impulsive
data\raw\noise\impact_set\knocks\test_1425.wav,impulsive
data\raw\noise\impact_set\knocks\test_1426.wav,impulsive
data\raw\noise\impact_set\knocks\test_1427.wav,impulsive
data\raw\noise\impact_set\knocks\test_1428.wav,impulsive
data\raw\noise\impact_set\knocks\test_1429.wav,impulsive
data\raw\noise\impact_set\knocks\test_1430.wav,impulsive
data\raw\noise\impact_set\knocks\test_1431.wav,impulsive
data\raw\noise\impact_set\knocks\test_1432.wav,impulsive
data\raw\noise\impact_set\knocks\test_1433.wav,impulsive
data\raw\noise\impact_set\knocks\test_1434.wav,impulsive
data\raw\noise\impact_set\knocks\test_1435.wav,impulsive
data\raw\noise\impact_set\knocks\test_1436.wav,impulsive
data\raw\noise\impact_set\knocks\test_1437.wav,impulsive
data\raw\noise\impact_set\knocks\test_1438.wav,impulsive
data\raw\noise\impact_set\knocks\test_1439.wav,impulsive
data\raw\noise\impact_set\knocks\test_1440.wav,impulsive
data\raw\noise\impact_set\knocks\test_1441.wav,impulsive
data\raw\noise\impact_set\knocks\test_1442.wav,impulsive
data\raw\noise\impact_set\knocks\test_1443.wav,impulsive
data\raw\noise\impact_set\knocks\test_1444.wav,impulsive
data\raw\noise\impact_set\knocks\test_1445.wav,impulsive
data\raw\noise\impact_set\knocks\test_1446.wav,impulsive
data\raw\noise\impact_set\knocks\test_1447.wav,impulsive
data\raw\noise\impact_set\knocks\test_1448.wav,impulsive
data\raw\noise\impact_set\knocks\test_1449.wav,impulsive
data\raw\noise\impact_set\knocks\test_1450.wav,impulsive
data\raw\noise\impact_set\knocks\test_1451.wav,impulsive
data\raw\noise\impact_set\knocks\test_1452.wav,impulsive
data\raw\noise\impact_set\knocks\train_1132.wav,impulsive
data\raw\noise\impact_set\knocks\train_1133.wav,impulsive
data\raw\noise\impact_set\knocks\train_1134.wav,impulsive
data\raw\noise\impact_set\knocks\train_1135.wav,impulsive
data\raw\noise\impact_set\knocks\train_1136.wav,impulsive
data\raw\noise\impact_set\knocks\train_1137.wav,impulsive
data\raw\noise\impact_set\knocks\train_1138.wav,impulsive
data\raw\noise\impact_set\knocks\train_1139.wav,impulsive
data\raw\noise\impact_set\knocks\train_1140.wav,impulsive
data\raw\noise\impact_set\knocks\train_1141.wav,impulsive
data\raw\noise\impact_set\knocks\train_1142.wav,impulsive
data\raw\noise\impact_set\knocks\train_1143.wav,impulsive
data\raw\noise\impact_set\knocks\train_1144.wav,impulsive
data\raw\noise\impact_set\knocks\train_1145.wav,impulsive
data\raw\noise\impact_set\knocks\train_1146.wav,impulsive
data\raw\noise\impact_set\knocks\train_1147.wav,impulsive
data\raw\noise\impact_set\knocks\train_1148.wav,impulsive
data\raw\noise\impact_set\knocks\train_1149.wav,impulsive
data\raw\noise\impact_set\knocks\train_1150.wav,impulsive
data\raw\noise\impact_set\knocks\train_1151.wav,impulsive
data\raw\noise\impact_set\knocks\train_1152.wav,impulsive
data\raw\noise\impact_set\knocks\train_1153.wav,impulsive
data\raw\noise\impact_set\knocks\train_1154.wav,impulsive
data\raw\noise\impact_set\knocks\train_1155.wav,impulsive
data\raw\noise\impact_set\knocks\train_1156.wav,impulsive
data\raw\noise\impact_set\knocks\train_1157.wav,impulsive
data\raw\noise\impact_set\knocks\train_1158.wav,impulsive
data\raw\noise\impact_set\knocks\train_1159.wav,impulsive
data\raw\noise\impact_set\knocks\train_1160.wav,impulsive
data\raw\noise\impact_set\knocks\train_1161.wav,impulsive
data\raw\noise\impact_set\knocks\train_1162.wav,impulsive
data\raw\noise\impact_set\knocks\train_1163.wav,impulsive
data\raw\noise\impact_set\knocks\train_1164.wav,impulsive
data\raw\noise\impact_set\knocks\train_1165.wav,impulsive
data\raw\noise\impact_set\knocks\train_1166.wav,impulsive
data\raw\noise\impact_set\knocks\train_1167.wav,impulsive
data\raw\noise\impact_set\knocks\train_1168.wav,impulsive
data\raw\noise\impact_set\knocks\train_1169.wav,impulsive
data\raw\noise\impact_set\knocks\train_1170.wav,impulsive
data\raw\noise\impact_set\knocks\train_1171.wav,impulsive
data\raw\noise\impact_set\knocks\train_1172.wav,impulsive
data\raw\noise\impact_set\knocks\train_1173.wav,impulsive
data\raw\noise\impact_set\knocks\train_1174.wav,impulsive
data\raw\noise\impact_set\knocks\train_1175.wav,impulsive
data\raw\noise\impact_set\knocks\train_1176.wav,impulsive
data\raw\noise\impact_set\knocks\train_1177.wav,impulsive
data\raw\noise\impact_set\knocks\train_1178.wav,impulsive
data\raw\noise\impact_set\knocks\train_1179.wav,impulsive
data\raw\noise\impact_set\knocks\train_1180.wav,impulsive
data\raw\noise\impact_set\knocks\train_1181.wav,impulsive
data\raw\noise\impact_set\knocks\train_1182.wav,impulsive
data\raw\noise\impact_set\knocks\train_1183.wav,impulsive
data\raw\noise\impact_set\knocks\train_1184.wav,impulsive
data\raw\noise\impact_set\knocks\train_1185.wav,impulsive
data\raw\noise\impact_set\knocks\train_1186.wav,impulsive
data\raw\noise\impact_set\knocks\train_1187.wav,impulsive
data\raw\noise\impact_set\knocks\train_1188.wav,impulsive
data\raw\noise\impact_set\knocks\train_1189.wav,impulsive
data\raw\noise\impact_set\knocks\train_1190.wav,impulsive
data\raw\noise\impact_set\knocks\train_1191.wav,impulsive
data\raw\noise\impact_set\knocks\train_1192.wav,impulsive
data\raw\noise\impact_set\knocks\train_1193.wav,impulsive
data\raw\noise\impact_set\knocks\train_1194.wav,impulsive
data\raw\noise\impact_set\knocks\train_1195.wav,impulsive
data\raw\noise\impact_set\knocks\train_1196.wav,impulsive
data\raw\noise\impact_set\knocks\train_1197.wav,impulsive
data\raw\noise\impact_set\knocks\train_1198.wav,impulsive
data\raw\noise\impact_set\knocks\train_1199.wav,impulsive
data\raw\noise\impact_set\knocks\train_1200.wav,impulsive
data\raw\noise\impact_set\knocks\train_1201.wav,impulsive
data\raw\noise\impact_set\knocks\train_1202.wav,impulsive
data\raw\noise\impact_set\knocks\train_1203.wav,impulsive
data\raw\noise\impact_set\knocks\train_1204.wav,impulsive
data\raw\noise\impact_set\knocks\train_1205.wav,impulsive
data\raw\noise\impact_set\knocks\train_1206.wav,impulsive
data\raw\noise\impact_set\knocks\train_1207.wav,impulsive
data\raw\noise\impact_set\knocks\train_1208.wav,impulsive
data\raw\noise\impact_set\knocks\train_1209.wav,impulsive
data\raw\noise\impact_set\knocks\train_1210.wav,impulsive
data\raw\noise\impact_set\knocks\train_1211.wav,impulsive
data\raw\noise\impact_set\knocks\train_1212.wav,impulsive
data\raw\noise\impact_set\knocks\train_1213.wav,impulsive
data\raw\noise\impact_set\knocks\train_1214.wav,impulsive
data\raw\noise\impact_set\knocks\train_1215.wav,impulsive
data\raw\noise\impact_set\knocks\train_1216.wav,impulsive
data\raw\noise\impact_set\knocks\train_1217.wav,impulsive
data\raw\noise\impact_set\knocks\train_1218.wav,impulsive
data\raw\noise\impact_set\knocks\train_1219.wav,impulsive
data\raw\noise\impact_set\knocks\train_1220.wav,impulsive
data\raw\noise\impact_set\knocks\train_1221.wav,impulsive
data\raw\noise\impact_set\knocks\train_1222.wav,impulsive
data\raw\noise\impact_set\knocks\train_1223.wav,impulsive
data\raw\noise\impact_set\knocks\train_1224.wav,impulsive
data\raw\noise\impact_set\knocks\train_1225.wav,impulsive
data\raw\noise\impact_set\knocks\train_1226.wav,impulsive
data\raw\noise\impact_set\knocks\train_1227.wav,impulsive
data\raw\noise\impact_set\knocks\train_1228.wav,impulsive
data\raw\noise\impact_set\knocks\train_1229.wav,impulsive
data\raw\noise\impact_set\knocks\train_1230.wav,impulsive
data\raw\noise\impact_set\knocks\train_1231.wav,impulsive
data\raw\noise\impact_set\knocks\train_1232.wav,impulsive
data\raw\noise\impact_set\knocks\train_1233.wav,impulsive
data\raw\noise\impact_set\knocks\train_1234.wav,impulsive
data\raw\noise\impact_set\knocks\train_1235.wav,impulsive
data\raw\noise\impact_set\knocks\train_1236.wav,impulsive
data\raw\noise\impact_set\knocks\train_1237.wav,impulsive
data\raw\noise\impact_set\knocks\train_1238.wav,impulsive
data\raw\noise\impact_set\knocks\train_1239.wav,impulsive
data\raw\noise\impact_set\knocks\train_1240.wav,impulsive
data\raw\noise\impact_set\knocks\train_1241.wav,impulsive
data\raw\noise\impact_set\knocks\train_1242.wav,impulsive
data\raw\noise\impact_set\knocks\train_1243.wav,impulsive
data\raw\noise\impact_set\knocks\train_1244.wav,impulsive
data\raw\noise\impact_set\knocks\train_1245.wav,impulsive
data\raw\noise\impact_set\knocks\train_1246.wav,impulsive
data\raw\noise\impact_set\knocks\train_1247.wav,impulsive
data\raw\noise\impact_set\knocks\train_1248.wav,impulsive
data\raw\noise\impact_set\knocks\train_1249.wav,impulsive
data\raw\noise\impact_set\knocks\train_1250.wav,impulsive
data\raw\noise\impact_set\knocks\train_1251.wav,impulsive
data\raw\noise\impact_set\knocks\train_1252.wav,impulsive
data\raw\noise\impact_set\knocks\train_1253.wav,impulsive
data\raw\noise\impact_set\knocks\train_1254.wav,impulsive
data\raw\noise\impact_set\knocks\train_1255.wav,impulsive
data\raw\noise\impact_set\knocks\train_1256.wav,impulsive
data\raw\noise\impact_set\knocks\train_1257.wav,impulsive
data\raw\noise\impact_set\knocks\train_1258.wav,impulsive
data\raw\noise\impact_set\knocks\train_1259.wav,impulsive
data\raw\noise\impact_set\knocks\train_1260.wav,impulsive
data\raw\noise\impact_set\knocks\train_1261.wav,impulsive
data\raw\noise\impact_set\knocks\train_1262.wav,impulsive
data\raw\noise\impact_set\knocks\train_1263.wav,impulsive
data\raw\noise\impact_set\knocks\train_1264.wav,impulsive
data\raw\noise\impact_set\knocks\train_1265.wav,impulsive
data\raw\noise\impact_set\knocks\train_1266.wav,impulsive
data\raw\noise\impact_set\knocks\train_1267.wav,impulsive
data\raw\noise\impact_set\knocks\train_1268.wav,impulsive
data\raw\noise\impact_set\knocks\train_1269.wav,impulsive
data\raw\noise\impact_set\knocks\train_1270.wav,impulsive
data\raw\noise\impact_set\knocks\train_1271.wav,impulsive
data\raw\noise\impact_set\knocks\train_1272.wav,impulsive
data\raw\noise\impact_set\knocks\train_1273.wav,impulsive
data\raw\noise\impact_set\knocks\train_1274.wav,impulsive
data\raw\noise\impact_set\knocks\train_1275.wav,impulsive
data\raw\noise\impact_set\knocks\train_1276.wav,impulsive
data\raw\noise\impact_set\knocks\train_1277.wav,impulsive
data\raw\noise\impact_set\knocks\train_1278.wav,impulsive
data\raw\noise\impact_set\knocks\train_1279.wav,impulsive
data\raw\noise\impact_set\knocks\train_1280.wav,impulsive
data\raw\noise\impact_set\knocks\train_1281.wav,impulsive
data\raw\noise\impact_set\knocks\train_1282.wav,impulsive
data\raw\noise\impact_set\knocks\train_1283.wav,impulsive
data\raw\noise\impact_set\knocks\train_1284.wav,impulsive
data\raw\noise\impact_set\knocks\train_1285.wav,impulsive
data\raw\noise\impact_set\knocks\train_1286.wav,impulsive
data\raw\noise\impact_set\knocks\train_1287.wav,impulsive
data\raw\noise\impact_set\knocks\train_1288.wav,impulsive
data\raw\noise\impact_set\knocks\train_1289.wav,impulsive
data\raw\noise\impact_set\knocks\train_1290.wav,impulsive
data\raw\noise\impact_set\knocks\train_1291.wav,impulsive
data\raw\noise\impact_set\knocks\train_1292.wav,impulsive
data\raw\noise\impact_set\knocks\train_1293.wav,impulsive
data\raw\noise\impact_set\knocks\train_1294.wav,impulsive
data\raw\noise\impact_set\knocks\train_1295.wav,impulsive
data\raw\noise\impact_set\knocks\train_1296.wav,impulsive
data\raw\noise\impact_set\knocks\train_1297.wav,impulsive
data\raw\noise\impact_set\knocks\train_1298.wav,impulsive
data\raw\noise\impact_set\knocks\train_1299.wav,impulsive
data\raw\noise\impact_set\knocks\train_1300.wav,impulsive
data\raw\noise\impact_set\knocks\train_1301.wav,impulsive
data\raw\noise\impact_set\knocks\train_1302.wav,impulsive
data\raw\noise\impact_set\knocks\train_1303.wav,impulsive
data\raw\noise\impact_set\knocks\train_1304.wav,impulsive
data\raw\noise\impact_set\knocks\train_1305.wav,impulsive
data\raw\noise\impact_set\knocks\train_1306.wav,impulsive
data\raw\noise\impact_set\knocks\train_1307.wav,impulsive
data\raw\noise\impact_set\knocks\train_1308.wav,impulsive
data\raw\noise\impact_set\knocks\train_1309.wav,impulsive
data\raw\noise\impact_set\knocks\train_1310.wav,impulsive
data\raw\noise\impact_set\knocks\train_1311.wav,impulsive
data\raw\noise\impact_set\knocks\train_1312.wav,impulsive
data\raw\noise\impact_set\knocks\train_1313.wav,impulsive
data\raw\noise\impact_set\knocks\train_1314.wav,impulsive
data\raw\noise\impact_set\knocks\train_1315.wav,impulsive
data\raw\noise\impact_set\knocks\train_1316.wav,impulsive
data\raw\noise\impact_set\knocks\train_1317.wav,impulsive
data\raw\noise\impact_set\knocks\train_1318.wav,impulsive
data\raw\noise\impact_set\knocks\train_1319.wav,impulsive
data\raw\noise\impact_set\knocks\train_1320.wav,impulsive
data\raw\noise\impact_set\knocks\train_1321.wav,impulsive
data\raw\noise\impact_set\knocks\train_1322.wav,impulsive
data\raw\noise\impact_set\knocks\train_1323.wav,impulsive
data\raw\noise\impact_set\knocks\train_1324.wav,impulsive
data\raw\noise\impact_set\knocks\train_1325.wav,impulsive
data\raw\noise\impact_set\knocks\train_1326.wav,impulsive
data\raw\noise\impact_set\knocks\train_1327.wav,impulsive
data\raw\noise\impact_set\knocks\train_1328.wav,impulsive
data\raw\noise\impact_set\knocks\train_1329.wav,impulsive
data\raw\noise\impact_set\knocks\train_1330.wav,impulsive
data\raw\noise\impact_set\knocks\train_1331.wav,impulsive
data\raw\noise\impact_set\knocks\train_1332.wav,impulsive
data\raw\noise\impact_set\knocks\train_1333.wav,impulsive
data\raw\noise\impact_set\knocks\train_1334.wav,impulsive
data\raw\noise\impact_set\knocks\train_1335.wav,impulsive
data\raw\noise\impact_set\knocks\train_1336.wav,impulsive
data\raw\noise\impact_set\knocks\train_1337.wav,impulsive
data\raw\noise\impact_set\knocks\train_1338.wav,impulsive
data\raw\noise\impact_set\knocks\train_1339.wav,impulsive
data\raw\noise\impact_set\knocks\train_1340.wav,impulsive
data\raw\noise\impact_set\knocks\train_1341.wav,impulsive
data\raw\noise\impact_set\knocks\train_1342.wav,impulsive
data\raw\noise\impact_set\knocks\train_1343.wav,impulsive
data\raw\noise\impact_set\knocks\train_1344.wav,impulsive
data\raw\noise\impact_set\knocks\train_1345.wav,impulsive
data\raw\noise\impact_set\knocks\train_1346.wav,impulsive
data\raw\noise\impact_set\knocks\train_1347.wav,impulsive
data\raw\noise\impact_set\knocks\train_1348.wav,impulsive
data\raw\noise\impact_set\knocks\train_1349.wav,impulsive
data\raw\noise\impact_set\knocks\train_1350.wav,impulsive
data\raw\noise\impact_set\knocks\train_1351.wav,impulsive
data\raw\noise\impact_set\knocks\train_1352.wav,impulsive
data\raw\noise\impact_set\knocks\train_1353.wav,impulsive
data\raw\noise\impact_set\knocks\train_1354.wav,impulsive
data\raw\noise\impact_set\knocks\train_1355.wav,impulsive
data\raw\noise\impact_set\knocks\train_1356.wav,impulsive
data\raw\noise\impact_set\knocks\train_1357.wav,impulsive
data\raw\noise\impact_set\knocks\train_1358.wav,impulsive
data\raw\noise\impact_set\knocks\train_1359.wav,impulsive
data\raw\noise\impact_set\knocks\train_1360.wav,impulsive
data\raw\noise\impact_set\knocks\train_1361.wav,impulsive
data\raw\noise\impact_set\knocks\train_1362.wav,impulsive
data\raw\noise\impact_set\knocks\train_1363.wav,impulsive
data\raw\noise\impact_set\knocks\train_1364.wav,impulsive
data\raw\noise\impact_set\knocks\train_1365.wav,impulsive
data\raw\noise\impact_set\knocks\train_1366.wav,impulsive
data\raw\noise\impact_set\knocks\train_1367.wav,impulsive
data\raw\noise\impact_set\knocks\train_1368.wav,impulsive
data\raw\noise\impact_set\knocks\train_1369.wav,impulsive
data\raw\noise\impact_set\knocks\train_1370.wav,impulsive
data\raw\noise\impact_set\knocks\train_1371.wav,impulsive
data\raw\noise\impact_set\knocks\train_1372.wav,impulsive
data\raw\noise\impact_set\knocks\train_1373.wav,impulsive
data\raw\noise\impact_set\knocks\train_1374.wav,impulsive
data\raw\noise\impact_set\knocks\train_1375.wav,impulsive
data\raw\noise\impact_set\knocks\train_1376.wav,impulsive
data\raw\noise\impact_set\knocks\train_1377.wav,impulsive
data\raw\noise\impact_set\knocks\train_1378.wav,impulsive
data\raw\noise\impact_set\knocks\train_1379.wav,impulsive
data\raw\noise\impact_set\knocks\train_1380.wav,impulsive
data\raw\noise\impact_set\knocks\train_1381.wav,impulsive
data\raw\noise\impact_set\knocks\train_1382.wav,impulsive
data\raw\noise\impact_set\knocks\train_1383.wav,impulsive
data\raw\noise\impact_set\knocks\train_1384.wav,impulsive
data\raw\noise\impact_set\knocks\train_1385.wav,impulsive
data\raw\noise\impact_set\knocks\train_1386.wav,impulsive
data\raw\noise\impact_set\knocks\train_1387.wav,impulsive
data\raw\noise\impact_set\knocks\train_1388.wav,impulsive
data\raw\noise\impact_set\knocks\train_1389.wav,impulsive
data\raw\noise\impact_set\knocks\train_1390.wav,impulsive
data\raw\noise\impact_set\knocks\train_1391.wav,impulsive
data\raw\noise\impact_set\knocks\train_1392.wav,impulsive
data\raw\noise\impact_set\knocks\train_1393.wav,impulsive
data\raw\noise\impact_set\knocks\train_1394.wav,impulsive
data\raw\noise\impact_set\knocks\train_1395.wav,impulsive
data\raw\noise\impact_set\knocks\train_1396.wav,impulsive
data\raw\noise\impact_set\knocks\train_1397.wav,impulsive
data\raw\noise\impact_set\knocks\train_1398.wav,impulsive
data\raw\noise\impact_set\knocks\train_1399.wav,impulsive
data\raw\noise\impact_set\knocks\train_1400.wav,impulsive
data\raw\noise\impact_set\knocks\train_1401.wav,impulsive
data\raw\noise\impact_set\knocks\train_1402.wav,impulsive
data\raw\noise\impact_set\knocks\train_1403.wav,impulsive
data\raw\noise\impact_set\knocks\train_1404.wav,impulsive
data\raw\noise\impact_set\knocks\train_1405.wav,impulsive
data\raw\noise\impact_set\knocks\train_1406.wav,impulsive
data\raw\noise\impact_set\knocks\train_1407.wav,impulsive
data\raw\noise\impact_set\knocks\train_1408.wav,impulsive
data\raw\noise\impact_set\knocks\train_1409.wav,impulsive
data\raw\noise\impact_set\knocks\train_1410.wav,impulsive
data\raw\noise\impact_set\knocks\train_1411.wav,impulsive
data\raw\noise\impact_set\knocks\train_1412.wav,impulsive
data\raw\noise\impact_set\knocks\train_1413.wav,impulsive
data\raw\noise\impact_set\knocks\train_1414.wav,impulsive
data\raw\noise\impact_set\knocks\train_1415.wav,impulsive
data\raw\noise\impact_set\knocks\train_1416.wav,impulsive
data\raw\noise\impact_set\knocks\train_1417.wav,impulsive
data\raw\noise\impact_set\knocks\train_1418.wav,impulsive
data\raw\noise\impact_set\knocks\train_1419.wav,impulsive
data\raw\noise\impact_set\punch\test_1507.wav,impulsive
data\raw\noise\impact_set\punch\test_1508.wav,impulsive
data\raw\noise\impact_set\punch\test_1509.wav,impulsive
data\raw\noise\impact_set\punch\test_1510.wav,impulsive
data\raw\noise\impact_set\punch\test_1511.wav,impulsive
data\raw\noise\impact_set\punch\test_1512.wav,impulsive
data\raw\noise\impact_set\punch\train_1453.wav,impulsive
data\raw\noise\impact_set\punch\train_1454.wav,impulsive
data\raw\noise\impact_set\punch\train_1455.wav,impulsive
data\raw\noise\impact_set\punch\train_1456.wav,impulsive
data\raw\noise\impact_set\punch\train_1457.wav,impulsive
data\raw\noise\impact_set\punch\train_1458.wav,impulsive
data\raw\noise\impact_set\punch\train_1459.wav,impulsive
data\raw\noise\impact_set\punch\train_1460.wav,impulsive
data\raw\noise\impact_set\punch\train_1461.wav,impulsive
data\raw\noise\impact_set\punch\train_1462.wav,impulsive
data\raw\noise\impact_set\punch\train_1463.wav,impulsive
data\raw\noise\impact_set\punch\train_1464.wav,impulsive
data\raw\noise\impact_set\punch\train_1465.wav,impulsive
data\raw\noise\impact_set\punch\train_1466.wav,impulsive
data\raw\noise\impact_set\punch\train_1467.wav,impulsive
data\raw\noise\impact_set\punch\train_1468.wav,impulsive
data\raw\noise\impact_set\punch\train_1469.wav,impulsive
data\raw\noise\impact_set\punch\train_1470.wav,impulsive
data\raw\noise\impact_set\punch\train_1471.wav,impulsive
data\raw\noise\impact_set\punch\train_1472.wav,impulsive
data\raw\noise\impact_set\punch\train_1473.wav,impulsive
data\raw\noise\impact_set\punch\train_1474.wav,impulsive
data\raw\noise\impact_set\punch\train_1475.wav,impulsive
data\raw\noise\impact_set\punch\train_1476.wav,impulsive
data\raw\noise\impact_set\punch\train_1477.wav,impulsive
data\raw\noise\impact_set\punch\train_1478.wav,impulsive
data\raw\noise\impact_set\punch\train_1479.wav,impulsive
data\raw\noise\impact_set\punch\train_1480.wav,impulsive
data\raw\noise\impact_set\punch\train_1481.wav,impulsive
data\raw\noise\impact_set\punch\train_1482.wav,impulsive
data\raw\noise\impact_set\punch\train_1483.wav,impulsive
data\raw\noise\impact_set\punch\train_1484.wav,impulsive
data\raw\noise\impact_set\punch\train_1485.wav,impulsive
data\raw\noise\impact_set\punch\train_1486.wav,impulsive
data\raw\noise\impact_set\punch\train_1487.wav,impulsive
data\raw\noise\impact_set\punch\train_1488.wav,impulsive
data\raw\noise\impact_set\punch\train_1489.wav,impulsive
data\raw\noise\impact_set\punch\train_1490.wav,impulsive
data\raw\noise\impact_set\punch\train_1491.wav,impulsive
data\raw\noise\impact_set\punch\train_1492.wav,impulsive
data\raw\noise\impact_set\punch\train_1493.wav,impulsive
data\raw\noise\impact_set\punch\train_1494.wav,impulsive
data\raw\noise\impact_set\punch\train_1495.wav,impulsive
data\raw\noise\impact_set\punch\train_1496.wav,impulsive
data\raw\noise\impact_set\punch\train_1497.wav,impulsive
data\raw\noise\impact_set\punch\train_1498.wav,impulsive
data\raw\noise\impact_set\punch\train_1499.wav,impulsive
data\raw\noise\impact_set\punch\train_1500.wav,impulsive
data\raw\noise\impact_set\punch\train_1501.wav,impulsive
data\raw\noise\impact_set\punch\train_1502.wav,impulsive
data\raw\noise\impact_set\punch\train_1503.wav,impulsive
data\raw\noise\impact_set\punch\train_1504.wav,impulsive
data\raw\noise\impact_set\punch\train_1505.wav,impulsive
data\raw\noise\impact_set\punch\train_1506.wav,impulsive
data\raw\noise\impact_set\smash\test_1650.wav,impulsive
data\raw\noise\impact_set\smash\test_1651.wav,impulsive
data\raw\noise\impact_set\smash\test_1652.wav,impulsive
data\raw\noise\impact_set\smash\test_1653.wav,impulsive
data\raw\noise\impact_set\smash\test_1654.wav,impulsive
data\raw\noise\impact_set\smash\test_1655.wav,impulsive
data\raw\noise\impact_set\smash\test_1656.wav,impulsive
data\raw\noise\impact_set\smash\test_1657.wav,impulsive
data\raw\noise\impact_set\smash\test_1658.wav,impulsive
data\raw\noise\impact_set\smash\test_1659.wav,impulsive
data\raw\noise\impact_set\smash\test_1660.wav,impulsive
data\raw\noise\impact_set\smash\test_1661.wav,impulsive
data\raw\noise\impact_set\smash\test_1662.wav,impulsive
data\raw\noise\impact_set\smash\test_1663.wav,impulsive
data\raw\noise\impact_set\smash\test_1664.wav,impulsive
data\raw\noise\impact_set\smash\test_1665.wav,impulsive
data\raw\noise\impact_set\smash\train_1513.wav,impulsive
data\raw\noise\impact_set\smash\train_1514.wav,impulsive
data\raw\noise\impact_set\smash\train_1515.wav,impulsive
data\raw\noise\impact_set\smash\train_1516.wav,impulsive
data\raw\noise\impact_set\smash\train_1517.wav,impulsive
data\raw\noise\impact_set\smash\train_1518.wav,impulsive
data\raw\noise\impact_set\smash\train_1519.wav,impulsive
data\raw\noise\impact_set\smash\train_1520.wav,impulsive
data\raw\noise\impact_set\smash\train_1521.wav,impulsive
data\raw\noise\impact_set\smash\train_1522.wav,impulsive
data\raw\noise\impact_set\smash\train_1523.wav,impulsive
data\raw\noise\impact_set\smash\train_1524.wav,impulsive
data\raw\noise\impact_set\smash\train_1525.wav,impulsive
data\raw\noise\impact_set\smash\train_1526.wav,impulsive
data\raw\noise\impact_set\smash\train_1527.wav,impulsive
data\raw\noise\impact_set\smash\train_1528.wav,impulsive
data\raw\noise\impact_set\smash\train_1529.wav,impulsive
data\raw\noise\impact_set\smash\train_1530.wav,impulsive
data\raw\noise\impact_set\smash\train_1531.wav,impulsive
data\raw\noise\impact_set\smash\train_1532.wav,impulsive
data\raw\noise\impact_set\smash\train_1533.wav,impulsive
data\raw\noise\impact_set\smash\train_1534.wav,impulsive
data\raw\noise\impact_set\smash\train_1535.wav,impulsive
data\raw\noise\impact_set\smash\train_1536.wav,impulsive
data\raw\noise\impact_set\smash\train_1537.wav,impulsive
data\raw\noise\impact_set\smash\train_1538.wav,impulsive
data\raw\noise\impact_set\smash\train_1539.wav,impulsive
data\raw\noise\impact_set\smash\train_1540.wav,impulsive
data\raw\noise\impact_set\smash\train_1541.wav,impulsive
data\raw\noise\impact_set\smash\train_1542.wav,impulsive
data\raw\noise\impact_set\smash\train_1543.wav,impulsive
data\raw\noise\impact_set\smash\train_1544.wav,impulsive
data\raw\noise\impact_set\smash\train_1545.wav,impulsive
data\raw\noise\impact_set\smash\train_1546.wav,impulsive
data\raw\noise\impact_set\smash\train_1547.wav,impulsive
data\raw\noise\impact_set\smash\train_1548.wav,impulsive
data\raw\noise\impact_set\smash\train_1549.wav,impulsive
data\raw\noise\impact_set\smash\train_1550.wav,impulsive
data\raw\noise\impact_set\smash\train_1551.wav,impulsive
data\raw\noise\impact_set\smash\train_1552.wav,impulsive
data\raw\noise\impact_set\smash\train_1553.wav,impulsive
data\raw\noise\impact_set\smash\train_1554.wav,impulsive
data\raw\noise\impact_set\smash\train_1555.wav,impulsive
data\raw\noise\impact_set\smash\train_1556.wav,impulsive
data\raw\noise\impact_set\smash\train_1557.wav,impulsive
data\raw\noise\impact_set\smash\train_1558.wav,impulsive
data\raw\noise\impact_set\smash\train_1559.wav,impulsive
data\raw\noise\impact_set\smash\train_1560.wav,impulsive
data\raw\noise\impact_set\smash\train_1561.wav,impulsive
data\raw\noise\impact_set\smash\train_1562.wav,impulsive
data\raw\noise\impact_set\smash\train_1563.wav,impulsive
data\raw\noise\impact_set\smash\train_1564.wav,impulsive
data\raw\noise\impact_set\smash\train_1565.wav,impulsive
data\raw\noise\impact_set\smash\train_1566.wav,impulsive
data\raw\noise\impact_set\smash\train_1567.wav,impulsive
data\raw\noise\impact_set\smash\train_1568.wav,impulsive
data\raw\noise\impact_set\smash\train_1569.wav,impulsive
data\raw\noise\impact_set\smash\train_1570.wav,impulsive
data\raw\noise\impact_set\smash\train_1571.wav,impulsive
data\raw\noise\impact_set\smash\train_1572.wav,impulsive
data\raw\noise\impact_set\smash\train_1573.wav,impulsive
data\raw\noise\impact_set\smash\train_1574.wav,impulsive
data\raw\noise\impact_set\smash\train_1575.wav,impulsive
data\raw\noise\impact_set\smash\train_1576.wav,impulsive
data\raw\noise\impact_set\smash\train_1577.wav,impulsive
data\raw\noise\impact_set\smash\train_1578.wav,impulsive
data\raw\noise\impact_set\smash\train_1579.wav,impulsive
data\raw\noise\impact_set\smash\train_1580.wav,impulsive
data\raw\noise\impact_set\smash\train_1581.wav,impulsive
data\raw\noise\impact_set\smash\train_1582.wav,impulsive
data\raw\noise\impact_set\smash\train_1583.wav,impulsive
data\raw\noise\impact_set\smash\train_1584.wav,impulsive
data\raw\noise\impact_set\smash\train_1585.wav,impulsive
data\raw\noise\impact_set\smash\train_1586.wav,impulsive
data\raw\noise\impact_set\smash\train_1587.wav,impulsive
data\raw\noise\impact_set\smash\train_1588.wav,impulsive
data\raw\noise\impact_set\smash\train_1589.wav,impulsive
data\raw\noise\impact_set\smash\train_1590.wav,impulsive
data\raw\noise\impact_set\smash\train_1591.wav,impulsive
data\raw\noise\impact_set\smash\train_1592.wav,impulsive
data\raw\noise\impact_set\smash\train_1593.wav,impulsive
data\raw\noise\impact_set\smash\train_1594.wav,impulsive
data\raw\noise\impact_set\smash\train_1595.wav,impulsive
data\raw\noise\impact_set\smash\train_1596.wav,impulsive
data\raw\noise\impact_set\smash\train_1597.wav,impulsive
data\raw\noise\impact_set\smash\train_1598.wav,impulsive
data\raw\noise\impact_set\smash\train_1599.wav,impulsive
data\raw\noise\impact_set\smash\train_1600.wav,impulsive
data\raw\noise\impact_set\smash\train_1601.wav,impulsive
data\raw\noise\impact_set\smash\train_1602.wav,impulsive
data\raw\noise\impact_set\smash\train_1603.wav,impulsive
data\raw\noise\impact_set\smash\train_1604.wav,impulsive
data\raw\noise\impact_set\smash\train_1605.wav,impulsive
data\raw\noise\impact_set\smash\train_1606.wav,impulsive
data\raw\noise\impact_set\smash\train_1607.wav,impulsive
data\raw\noise\impact_set\smash\train_1608.wav,impulsive
data\raw\noise\impact_set\smash\train_1609.wav,impulsive
data\raw\noise\impact_set\smash\train_1610.wav,impulsive
data\raw\noise\impact_set\smash\train_1611.wav,impulsive
data\raw\noise\impact_set\smash\train_1612.wav,impulsive
data\raw\noise\impact_set\smash\train_1613.wav,impulsive
data\raw\noise\impact_set\smash\train_1614.wav,impulsive
data\raw\noise\impact_set\smash\train_1615.wav,impulsive
data\raw\noise\impact_set\smash\train_1616.wav,impulsive
data\raw\noise\impact_set\smash\train_1617.wav,impulsive
data\raw\noise\impact_set\smash\train_1618.wav,impulsive
data\raw\noise\impact_set\smash\train_1619.wav,impulsive
data\raw\noise\impact_set\smash\train_1620.wav,impulsive
data\raw\noise\impact_set\smash\train_1621.wav,impulsive
data\raw\noise\impact_set\smash\train_1622.wav,impulsive
data\raw\noise\impact_set\smash\train_1623.wav,impulsive
data\raw\noise\impact_set\smash\train_1624.wav,impulsive
data\raw\noise\impact_set\smash\train_1625.wav,impulsive
data\raw\noise\impact_set\smash\train_1626.wav,impulsive
data\raw\noise\impact_set\smash\train_1627.wav,impulsive
data\raw\noise\impact_set\smash\train_1628.wav,impulsive
data\raw\noise\impact_set\smash\train_1629.wav,impulsive
data\raw\noise\impact_set\smash\train_1630.wav,impulsive
data\raw\noise\impact_set\smash\train_1631.wav,impulsive
data\raw\noise\impact_set\smash\train_1632.wav,impulsive
data\raw\noise\impact_set\smash\train_1633.wav,impulsive
data\raw\noise\impact_set\smash\train_1634.wav,impulsive
data\raw\noise\impact_set\smash\train_1635.wav,impulsive
data\raw\noise\impact_set\smash\train_1636.wav,impulsive
data\raw\noise\impact_set\smash\train_1637.wav,impulsive
data\raw\noise\impact_set\smash\train_1638.wav,impulsive
data\raw\noise\impact_set\smash\train_1639.wav,impulsive
data\raw\noise\impact_set\smash\train_1640.wav,impulsive
data\raw\noise\impact_set\smash\train_1641.wav,impulsive
data\raw\noise\impact_set\smash\train_1642.wav,impulsive
data\raw\noise\impact_set\smash\train_1643.wav,impulsive
data\raw\noise\impact_set\smash\train_1644.wav,impulsive
data\raw\noise\impact_set\smash\train_1645.wav,impulsive
data\raw\noise\impact_set\smash\train_1646.wav,impulsive
data\raw\noise\impact_set\smash\train_1647.wav,impulsive
data\raw\noise\impact_set\smash\train_1648.wav,impulsive
data\raw\noise\impact_set\smash\train_1649.wav,impulsive
data\raw\noise\sesa\casual\casual_000.wav,non_stationary
data\raw\noise\sesa\casual\casual_001.wav,non_stationary
data\raw\noise\sesa\casual\casual_002.wav,non_stationary
data\raw\noise\sesa\casual\casual_003.wav,non_stationary
data\raw\noise\sesa\casual\casual_004.wav,non_stationary
data\raw\noise\sesa\casual\casual_005.wav,non_stationary
data\raw\noise\sesa\casual\casual_006.wav,non_stationary
data\raw\noise\sesa\casual\casual_007.wav,non_stationary
data\raw\noise\sesa\casual\casual_008.wav,non_stationary
data\raw\noise\sesa\casual\casual_009.wav,non_stationary
data\raw\noise\sesa\casual\casual_010.wav,non_stationary
data\raw\noise\sesa\casual\casual_011.wav,non_stationary
data\raw\noise\sesa\casual\casual_012.wav,non_stationary
data\raw\noise\sesa\casual\casual_013.wav,non_stationary
data\raw\noise\sesa\casual\casual_014.wav,non_stationary
data\raw\noise\sesa\casual\casual_015.wav,non_stationary
data\raw\noise\sesa\casual\casual_016.wav,non_stationary
data\raw\noise\sesa\casual\casual_017.wav,non_stationary
data\raw\noise\sesa\casual\casual_018.wav,non_stationary
data\raw\noise\sesa\casual\casual_019.wav,non_stationary
data\raw\noise\sesa\casual\casual_020.wav,non_stationary
data\raw\noise\sesa\casual\casual_021.wav,non_stationary
data\raw\noise\sesa\casual\casual_022.wav,non_stationary
data\raw\noise\sesa\casual\casual_023.wav,non_stationary
data\raw\noise\sesa\casual\casual_024.wav,non_stationary
data\raw\noise\sesa\casual\casual_025.wav,non_stationary
data\raw\noise\sesa\casual\casual_026.wav,non_stationary
data\raw\noise\sesa\casual\casual_027.wav,non_stationary
data\raw\noise\sesa\casual\casual_028.wav,non_stationary
data\raw\noise\sesa\casual\casual_029.wav,non_stationary
data\raw\noise\sesa\casual\casual_030.wav,non_stationary
data\raw\noise\sesa\casual\casual_031.wav,non_stationary
data\raw\noise\sesa\casual\casual_032.wav,non_stationary
data\raw\noise\sesa\casual\casual_033.wav,non_stationary
data\raw\noise\sesa\casual\casual_034.wav,non_stationary
data\raw\noise\sesa\casual\casual_035.wav,non_stationary
data\raw\noise\sesa\casual\casual_036.wav,non_stationary
data\raw\noise\sesa\casual\casual_037.wav,non_stationary
data\raw\noise\sesa\casual\casual_038.wav,non_stationary
data\raw\noise\sesa\casual\casual_039.wav,non_stationary
data\raw\noise\sesa\casual\casual_040.wav,non_stationary
data\raw\noise\sesa\casual\casual_041.wav,non_stationary
data\raw\noise\sesa\casual\casual_042.wav,non_stationary
data\raw\noise\sesa\casual\casual_043.wav,non_stationary
data\raw\noise\sesa\casual\casual_044.wav,non_stationary
data\raw\noise\sesa\casual\casual_045.wav,non_stationary
data\raw\noise\sesa\casual\casual_046.wav,non_stationary
data\raw\noise\sesa\casual\casual_047.wav,non_stationary
data\raw\noise\sesa\casual\casual_048.wav,non_stationary
data\raw\noise\sesa\casual\casual_049.wav,non_stationary
data\raw\noise\sesa\casual\casual_050.wav,non_stationary
data\raw\noise\sesa\casual\casual_051.wav,non_stationary
data\raw\noise\sesa\casual\casual_052.wav,non_stationary
data\raw\noise\sesa\casual\casual_053.wav,non_stationary
data\raw\noise\sesa\casual\casual_054.wav,non_stationary
data\raw\noise\sesa\casual\casual_055.wav,non_stationary
data\raw\noise\sesa\casual\casual_056.wav,non_stationary
data\raw\noise\sesa\casual\casual_057.wav,non_stationary
data\raw\noise\sesa\casual\casual_058.wav,non_stationary
data\raw\noise\sesa\casual\casual_059.wav,non_stationary
data\raw\noise\sesa\casual\casual_060.wav,non_stationary
data\raw\noise\sesa\casual\casual_061.wav,non_stationary
data\raw\noise\sesa\casual\casual_062.wav,non_stationary
data\raw\noise\sesa\casual\casual_063.wav,non_stationary
data\raw\noise\sesa\casual\casual_064.wav,non_stationary
data\raw\noise\sesa\casual\casual_065.wav,non_stationary
data\raw\noise\sesa\casual\casual_066.wav,non_stationary
data\raw\noise\sesa\casual\casual_067.wav,non_stationary
data\raw\noise\sesa\casual\casual_068.wav,non_stationary
data\raw\noise\sesa\casual\casual_069.wav,non_stationary
data\raw\noise\sesa\casual\casual_070.wav,non_stationary
data\raw\noise\sesa\casual\casual_071.wav,non_stationary
data\raw\noise\sesa\casual\casual_072.wav,non_stationary
data\raw\noise\sesa\casual\casual_073.wav,non_stationary
data\raw\noise\sesa\casual\casual_074.wav,non_stationary
data\raw\noise\sesa\casual\casual_075.wav,non_stationary
data\raw\noise\sesa\casual\casual_076.wav,non_stationary
data\raw\noise\sesa\casual\casual_077.wav,non_stationary
data\raw\noise\sesa\casual\casual_078.wav,non_stationary
data\raw\noise\sesa\casual\casual_079.wav,non_stationary
data\raw\noise\sesa\casual\casual_080.wav,non_stationary
data\raw\noise\sesa\casual\casual_081.wav,non_stationary
data\raw\noise\sesa\casual\casual_082.wav,non_stationary
data\raw\noise\sesa\casual\casual_083.wav,non_stationary
data\raw\noise\sesa\casual\casual_084.wav,non_stationary
data\raw\noise\sesa\casual\casual_085.wav,non_stationary
data\raw\noise\sesa\casual\casual_086.wav,non_stationary
data\raw\noise\sesa\casual\casual_087.wav,non_stationary
data\raw\noise\sesa\casual\casual_088.wav,non_stationary
data\raw\noise\sesa\casual\casual_089.wav,non_stationary
data\raw\noise\sesa\casual\casual_090.wav,non_stationary
data\raw\noise\sesa\casual\casual_091.wav,non_stationary
data\raw\noise\sesa\casual\casual_092.wav,non_stationary
data\raw\noise\sesa\casual\casual_093.wav,non_stationary
data\raw\noise\sesa\casual\casual_094.wav,non_stationary
data\raw\noise\sesa\casual\casual_095.wav,non_stationary
data\raw\noise\sesa\casual\casual_096.wav,non_stationary
data\raw\noise\sesa\casual\casual_097.wav,non_stationary
data\raw\noise\sesa\casual\casual_098.wav,non_stationary
data\raw\noise\sesa\casual\casual_099.wav,non_stationary
data\raw\noise\sesa\casual\casual_100.wav,non_stationary
data\raw\noise\sesa\casual\casual_101.wav,non_stationary
data\raw\noise\sesa\casual\casual_102.wav,non_stationary
data\raw\noise\sesa\casual\casual_103.wav,non_stationary
data\raw\noise\sesa\casual\casual_104.wav,non_stationary
data\raw\noise\sesa\casual\casual_105.wav,non_stationary
data\raw\noise\sesa\casual\casual_106.wav,non_stationary
data\raw\noise\sesa\casual\casual_107.wav,non_stationary
data\raw\noise\sesa\casual\casual_108.wav,non_stationary
data\raw\noise\sesa\casual\casual_109.wav,non_stationary
data\raw\noise\sesa\casual\casual_110.wav,non_stationary
data\raw\noise\sesa\casual\casual_111.wav,non_stationary
data\raw\noise\sesa\casual\casual_112.wav,non_stationary
data\raw\noise\sesa\casual\casual_113.wav,non_stationary
data\raw\noise\sesa\casual\casual_114.wav,non_stationary
data\raw\noise\sesa\casual\casual_115.wav,non_stationary
data\raw\noise\sesa\casual\casual_116.wav,non_stationary
data\raw\noise\sesa\casual\casual_117.wav,non_stationary
data\raw\noise\sesa\casual\casual_118.wav,non_stationary
data\raw\noise\sesa\casual\casual_119.wav,non_stationary
data\raw\noise\sesa\casual\casual_120.wav,non_stationary
data\raw\noise\sesa\casual\casual_121.wav,non_stationary
data\raw\noise\sesa\casual\casual_122.wav,non_stationary
data\raw\noise\sesa\casual\casual_123.wav,non_stationary
data\raw\noise\sesa\casual\casual_124.wav,non_stationary
data\raw\noise\sesa\casual\casual_125.wav,non_stationary
data\raw\noise\sesa\casual\casual_126.wav,non_stationary
data\raw\noise\sesa\casual\casual_127.wav,non_stationary
data\raw\noise\sesa\casual\casual_128.wav,non_stationary
data\raw\noise\sesa\casual\casual_129.wav,non_stationary
data\raw\noise\sesa\casual\casual_130.wav,non_stationary
data\raw\noise\sesa\casual\casual_131.wav,non_stationary
data\raw\noise\sesa\casual\casual_132.wav,non_stationary
data\raw\noise\sesa\casual\casual_133.wav,non_stationary
data\raw\noise\sesa\casual\casual_134.wav,non_stationary
data\raw\noise\sesa\casual\casual_135.wav,non_stationary
data\raw\noise\sesa\casual\casual_136.wav,non_stationary
data\raw\noise\sesa\casual\casual_137.wav,non_stationary
data\raw\noise\sesa\casual\casual_138.wav,non_stationary
data\raw\noise\sesa\casual\casual_139.wav,non_stationary
data\raw\noise\sesa\casual\casual_140.wav,non_stationary
data\raw\noise\sesa\casual\casual_141.wav,non_stationary
data\raw\noise\sesa\casual\casual_142.wav,non_stationary
data\raw\noise\sesa\casual\casual_143.wav,non_stationary
data\raw\noise\sesa\casual\casual_144.wav,non_stationary
data\raw\noise\sesa\casual\casual_145.wav,non_stationary
data\raw\noise\sesa\casual\casual_146.wav,non_stationary
data\raw\noise\sesa\casual\casual_147.wav,non_stationary
data\raw\noise\sesa\casual\casual_148.wav,non_stationary
data\raw\noise\sesa\casual\casual_149.wav,non_stationary
data\raw\noise\sesa\casual\casual_150.wav,non_stationary
data\raw\noise\sesa\casual\casual_151.wav,non_stationary
data\raw\noise\sesa\casual\casual_152.wav,non_stationary
data\raw\noise\sesa\casual\casual_153.wav,non_stationary
data\raw\noise\sesa\casual\casual_154.wav,non_stationary
data\raw\noise\sesa\casual\casual_155.wav,non_stationary
data\raw\noise\sesa\casual\casual_156.wav,non_stationary
data\raw\noise\sesa\casual\casual_157.wav,non_stationary
data\raw\noise\sesa\casual\casual_158.wav,non_stationary
data\raw\noise\sesa\casual\casual_159.wav,non_stationary
data\raw\noise\sesa\casual\casual_160.wav,non_stationary
data\raw\noise\sesa\casual\casual_161.wav,non_stationary
data\raw\noise\sesa\casual\casual_162.wav,non_stationary
data\raw\noise\sesa\casual\casual_163.wav,non_stationary
data\raw\noise\sesa\casual\casual_164.wav,non_stationary
data\raw\noise\sesa\casual\casual_165.wav,non_stationary
data\raw\noise\sesa\casual\casual_166.wav,non_stationary
data\raw\noise\sesa\casual\casual_167.wav,non_stationary
data\raw\noise\sesa\casual\casual_168.wav,non_stationary
data\raw\noise\sesa\explosion\explosion_000.wav,impulsive
data\raw\noise\sesa\explosion\explosion_001.wav,impulsive
data\raw\noise\sesa\explosion\explosion_002.wav,impulsive
data\raw\noise\sesa\explosion\explosion_003.wav,impulsive
data\raw\noise\sesa\explosion\explosion_004.wav,impulsive
data\raw\noise\sesa\explosion\explosion_005.wav,impulsive
data\raw\noise\sesa\explosion\explosion_006.wav,impulsive
data\raw\noise\sesa\explosion\explosion_007.wav,impulsive
data\raw\noise\sesa\explosion\explosion_008.wav,impulsive
data\raw\noise\sesa\explosion\explosion_009.wav,impulsive
data\raw\noise\sesa\explosion\explosion_010.wav,impulsive
data\raw\noise\sesa\explosion\explosion_011.wav,impulsive
data\raw\noise\sesa\explosion\explosion_012.wav,impulsive
data\raw\noise\sesa\explosion\explosion_013.wav,impulsive
data\raw\noise\sesa\explosion\explosion_014.wav,impulsive
data\raw\noise\sesa\explosion\explosion_015.wav,impulsive
data\raw\noise\sesa\explosion\explosion_016.wav,impulsive
data\raw\noise\sesa\explosion\explosion_017.wav,impulsive
data\raw\noise\sesa\explosion\explosion_018.wav,impulsive
data\raw\noise\sesa\explosion\explosion_019.wav,impulsive
data\raw\noise\sesa\explosion\explosion_020.wav,impulsive
data\raw\noise\sesa\explosion\explosion_021.wav,impulsive
data\raw\noise\sesa\explosion\explosion_022.wav,impulsive
data\raw\noise\sesa\explosion\explosion_023.wav,impulsive
data\raw\noise\sesa\explosion\explosion_024.wav,impulsive
data\raw\noise\sesa\explosion\explosion_025.wav,impulsive
data\raw\noise\sesa\explosion\explosion_026.wav,impulsive
data\raw\noise\sesa\explosion\explosion_027.wav,impulsive
data\raw\noise\sesa\explosion\explosion_028.wav,impulsive
data\raw\noise\sesa\explosion\explosion_029.wav,impulsive
data\raw\noise\sesa\explosion\explosion_030.wav,impulsive
data\raw\noise\sesa\explosion\explosion_031.wav,impulsive
data\raw\noise\sesa\explosion\explosion_032.wav,impulsive
data\raw\noise\sesa\explosion\explosion_033.wav,impulsive
data\raw\noise\sesa\explosion\explosion_034.wav,impulsive
data\raw\noise\sesa\explosion\explosion_035.wav,impulsive
data\raw\noise\sesa\explosion\explosion_036.wav,impulsive
data\raw\noise\sesa\explosion\explosion_037.wav,impulsive
data\raw\noise\sesa\explosion\explosion_038.wav,impulsive
data\raw\noise\sesa\explosion\explosion_039.wav,impulsive
data\raw\noise\sesa\explosion\explosion_040.wav,impulsive
data\raw\noise\sesa\explosion\explosion_041.wav,impulsive
data\raw\noise\sesa\explosion\explosion_042.wav,impulsive
data\raw\noise\sesa\explosion\explosion_043.wav,impulsive
data\raw\noise\sesa\explosion\explosion_044.wav,impulsive
data\raw\noise\sesa\explosion\explosion_045.wav,impulsive
data\raw\noise\sesa\explosion\explosion_046.wav,impulsive
data\raw\noise\sesa\explosion\explosion_047.wav,impulsive
data\raw\noise\sesa\explosion\explosion_048.wav,impulsive
data\raw\noise\sesa\explosion\explosion_049.wav,impulsive
data\raw\noise\sesa\explosion\explosion_050.wav,impulsive
data\raw\noise\sesa\explosion\explosion_051.wav,impulsive
data\raw\noise\sesa\explosion\explosion_052.wav,impulsive
data\raw\noise\sesa\explosion\explosion_053.wav,impulsive
data\raw\noise\sesa\explosion\explosion_054.wav,impulsive
data\raw\noise\sesa\explosion\explosion_055.wav,impulsive
data\raw\noise\sesa\explosion\explosion_056.wav,impulsive
data\raw\noise\sesa\explosion\explosion_057.wav,impulsive
data\raw\noise\sesa\explosion\explosion_058.wav,impulsive
data\raw\noise\sesa\explosion\explosion_059.wav,impulsive
data\raw\noise\sesa\explosion\explosion_060.wav,impulsive
data\raw\noise\sesa\explosion\explosion_061.wav,impulsive
data\raw\noise\sesa\explosion\explosion_062.wav,impulsive
data\raw\noise\sesa\explosion\explosion_063.wav,impulsive
data\raw\noise\sesa\explosion\explosion_064.wav,impulsive
data\raw\noise\sesa\explosion\explosion_065.wav,impulsive
data\raw\noise\sesa\explosion\explosion_066.wav,impulsive
data\raw\noise\sesa\explosion\explosion_067.wav,impulsive
data\raw\noise\sesa\explosion\explosion_068.wav,impulsive
data\raw\noise\sesa\explosion\explosion_069.wav,impulsive
data\raw\noise\sesa\explosion\explosion_070.wav,impulsive
data\raw\noise\sesa\explosion\explosion_071.wav,impulsive
data\raw\noise\sesa\explosion\explosion_072.wav,impulsive
data\raw\noise\sesa\explosion\explosion_073.wav,impulsive
data\raw\noise\sesa\explosion\explosion_074.wav,impulsive
data\raw\noise\sesa\explosion\explosion_075.wav,impulsive
data\raw\noise\sesa\explosion\explosion_076.wav,impulsive
data\raw\noise\sesa\explosion\explosion_077.wav,impulsive
data\raw\noise\sesa\explosion\explosion_078.wav,impulsive
data\raw\noise\sesa\explosion\explosion_079.wav,impulsive
data\raw\noise\sesa\explosion\explosion_080.wav,impulsive
data\raw\noise\sesa\explosion\explosion_081.wav,impulsive
data\raw\noise\sesa\explosion\explosion_082.wav,impulsive
data\raw\noise\sesa\explosion\explosion_083.wav,impulsive
data\raw\noise\sesa\explosion\explosion_084.wav,impulsive
data\raw\noise\sesa\explosion\explosion_085.wav,impulsive
data\raw\noise\sesa\explosion\explosion_086.wav,impulsive
data\raw\noise\sesa\explosion\explosion_087.wav,impulsive
data\raw\noise\sesa\explosion\explosion_088.wav,impulsive
data\raw\noise\sesa\explosion\explosion_089.wav,impulsive
data\raw\noise\sesa\explosion\explosion_090.wav,impulsive
data\raw\noise\sesa\explosion\explosion_091.wav,impulsive
data\raw\noise\sesa\explosion\explosion_092.wav,impulsive
data\raw\noise\sesa\explosion\explosion_093.wav,impulsive
data\raw\noise\sesa\explosion\explosion_094.wav,impulsive
data\raw\noise\sesa\explosion\explosion_095.wav,impulsive
data\raw\noise\sesa\explosion\explosion_096.wav,impulsive
data\raw\noise\sesa\explosion\explosion_097.wav,impulsive
data\raw\noise\sesa\explosion\explosion_098.wav,impulsive
data\raw\noise\sesa\explosion\explosion_099.wav,impulsive
data\raw\noise\sesa\explosion\explosion_100.wav,impulsive
data\raw\noise\sesa\explosion\explosion_101.wav,impulsive
data\raw\noise\sesa\explosion\explosion_102.wav,impulsive
data\raw\noise\sesa\explosion\explosion_103.wav,impulsive
data\raw\noise\sesa\explosion\explosion_104.wav,impulsive
data\raw\noise\sesa\explosion\explosion_105.wav,impulsive
data\raw\noise\sesa\explosion\explosion_106.wav,impulsive
data\raw\noise\sesa\explosion\explosion_107.wav,impulsive
data\raw\noise\sesa\explosion\explosion_108.wav,impulsive
data\raw\noise\sesa\explosion\explosion_109.wav,impulsive
data\raw\noise\sesa\explosion\explosion_110.wav,impulsive
data\raw\noise\sesa\explosion\explosion_111.wav,impulsive
data\raw\noise\sesa\explosion\explosion_112.wav,impulsive
data\raw\noise\sesa\explosion\explosion_113.wav,impulsive
data\raw\noise\sesa\explosion\explosion_114.wav,impulsive
data\raw\noise\sesa\explosion\explosion_115.wav,impulsive
data\raw\noise\sesa\explosion\explosion_116.wav,impulsive
data\raw\noise\sesa\explosion\explosion_117.wav,impulsive
data\raw\noise\sesa\explosion\explosion_118.wav,impulsive
data\raw\noise\sesa\explosion\explosion_119.wav,impulsive
data\raw\noise\sesa\explosion\explosion_120.wav,impulsive
data\raw\noise\sesa\explosion\explosion_121.wav,impulsive
data\raw\noise\sesa\explosion\explosion_122.wav,impulsive
data\raw\noise\sesa\explosion\explosion_123.wav,impulsive
data\raw\noise\sesa\explosion\explosion_124.wav,impulsive
data\raw\noise\sesa\explosion\explosion_125.wav,impulsive
data\raw\noise\sesa\explosion\explosion_126.wav,impulsive
data\raw\noise\sesa\explosion\explosion_127.wav,impulsive
data\raw\noise\sesa\explosion\explosion_128.wav,impulsive
data\raw\noise\sesa\explosion\explosion_129.wav,impulsive
data\raw\noise\sesa\explosion\explosion_130.wav,impulsive
data\raw\noise\sesa\explosion\explosion_131.wav,impulsive
data\raw\noise\sesa\explosion\explosion_132.wav,impulsive
data\raw\noise\sesa\explosion\explosion_133.wav,impulsive
data\raw\noise\sesa\explosion\explosion_134.wav,impulsive
data\raw\noise\sesa\explosion\explosion_135.wav,impulsive
data\raw\noise\sesa\explosion\explosion_136.wav,impulsive
data\raw\noise\sesa\explosion\explosion_137.wav,impulsive
data\raw\noise\sesa\explosion\explosion_138.wav,impulsive
data\raw\noise\sesa\explosion\explosion_139.wav,impulsive
data\raw\noise\sesa\explosion\explosion_140.wav,impulsive
data\raw\noise\sesa\explosion\explosion_141.wav,impulsive
data\raw\noise\sesa\explosion\explosion_142.wav,impulsive
data\raw\noise\sesa\explosion\explosion_143.wav,impulsive
data\raw\noise\sesa\explosion\explosion_144.wav,impulsive
data\raw\noise\sesa\explosion\explosion_145.wav,impulsive
data\raw\noise\sesa\explosion\explosion_146.wav,impulsive
data\raw\noise\sesa\explosion\explosion_147.wav,impulsive
data\raw\noise\sesa\explosion\explosion_148.wav,impulsive
data\raw\noise\sesa\explosion\explosion_149.wav,impulsive
data\raw\noise\sesa\explosion\explosion_150.wav,impulsive
data\raw\noise\sesa\explosion\explosion_151.wav,impulsive
data\raw\noise\sesa\explosion\explosion_152.wav,impulsive
data\raw\noise\sesa\explosion\explosion_153.wav,impulsive
data\raw\noise\sesa\explosion\explosion_154.wav,impulsive
data\raw\noise\sesa\explosion\explosion_155.wav,impulsive
data\raw\noise\sesa\explosion\explosion_156.wav,impulsive
data\raw\noise\sesa\explosion\explosion_157.wav,impulsive
data\raw\noise\sesa\explosion\explosion_158.wav,impulsive
data\raw\noise\sesa\explosion\explosion_159.wav,impulsive
data\raw\noise\sesa\explosion\explosion_160.wav,impulsive
data\raw\noise\sesa\explosion\explosion_161.wav,impulsive
data\raw\noise\sesa\explosion\explosion_162.wav,impulsive
data\raw\noise\sesa\explosion\explosion_163.wav,impulsive
data\raw\noise\sesa\explosion\explosion_164.wav,impulsive
data\raw\noise\sesa\explosion\explosion_165.wav,impulsive
data\raw\noise\sesa\explosion\explosion_166.wav,impulsive
data\raw\noise\sesa\explosion\explosion_167.wav,impulsive
data\raw\noise\sesa\explosion\explosion_168.wav,impulsive
data\raw\noise\sesa\explosion\explosion_169.wav,impulsive
data\raw\noise\sesa\explosion\explosion_170.wav,impulsive
data\raw\noise\sesa\explosion\explosion_171.wav,impulsive
data\raw\noise\sesa\explosion\explosion_172.wav,impulsive
data\raw\noise\sesa\explosion\explosion_173.wav,impulsive
data\raw\noise\sesa\explosion\explosion_174.wav,impulsive
data\raw\noise\sesa\explosion\explosion_175.wav,impulsive
data\raw\noise\sesa\explosion\explosion_176.wav,impulsive
data\raw\noise\sesa\explosion\explosion_177.wav,impulsive
data\raw\noise\sesa\explosion\explosion_178.wav,impulsive
data\raw\noise\sesa\explosion\explosion_179.wav,impulsive
data\raw\noise\sesa\explosion\explosion_180.wav,impulsive
data\raw\noise\sesa\explosion\explosion_181.wav,impulsive
data\raw\noise\sesa\explosion\explosion_182.wav,impulsive
data\raw\noise\sesa\explosion\explosion_183.wav,impulsive
data\raw\noise\sesa\explosion\explosion_184.wav,impulsive
data\raw\noise\sesa\explosion\explosion_185.wav,impulsive
data\raw\noise\sesa\explosion\explosion_186.wav,impulsive
data\raw\noise\sesa\explosion\explosion_187.wav,impulsive
data\raw\noise\sesa\explosion\explosion_188.wav,impulsive
data\raw\noise\sesa\explosion\explosion_189.wav,impulsive
data\raw\noise\sesa\explosion\explosion_190.wav,impulsive
data\raw\noise\sesa\explosion\explosion_191.wav,impulsive
data\raw\noise\sesa\explosion\explosion_192.wav,impulsive
data\raw\noise\sesa\explosion\explosion_193.wav,impulsive
data\raw\noise\sesa\explosion\explosion_194.wav,impulsive
data\raw\noise\sesa\explosion\explosion_195.wav,impulsive
data\raw\noise\sesa\explosion\explosion_196.wav,impulsive
data\raw\noise\sesa\explosion\explosion_197.wav,impulsive
data\raw\noise\sesa\explosion\explosion_198.wav,impulsive
data\raw\noise\sesa\explosion\explosion_199.wav,impulsive
data\raw\noise\sesa\explosion\explosion_200.wav,impulsive
data\raw\noise\sesa\explosion\explosion_201.wav,impulsive
data\raw\noise\sesa\explosion\explosion_202.wav,impulsive
data\raw\noise\sesa\explosion\explosion_203.wav,impulsive
data\raw\noise\sesa\explosion\explosion_204.wav,impulsive
data\raw\noise\sesa\explosion\explosion_205.wav,impulsive
data\raw\noise\sesa\explosion\explosion_206.wav,impulsive
data\raw\noise\sesa\explosion\explosion_207.wav,impulsive
data\raw\noise\sesa\explosion\explosion_208.wav,impulsive
data\raw\noise\sesa\gunshot\gunshot_000.wav,impulsive
data\raw\noise\sesa\gunshot\gunshot_001.wav,impulsive
data\raw\noise\sesa\gunshot\gunshot_002.wav,impulsive
data\raw\noise\sesa\gunshot\gunshot_003.wav,impulsive
data\raw\noise\sesa\gunshot\gunshot_004.wav,impulsive
data\raw\noise\sesa\gunshot\gunshot_005.wav,impulsive
data\raw\noise\sesa\gunshot\gunshot_006.wav,impulsive
data\raw\noise\sesa\gunshot\gunshot_007.wav,impulsive
data\raw\noise\sesa\gunshot\gunshot_008.wav,impulsive
data\raw\noise\sesa\gunshot\gunshot_009.wav,impulsive
data\raw\noise\sesa\gunshot\gunshot_010.wav,impulsive
data\raw\noise\sesa\gunshot\gunshot_011.wav,impulsive
data\raw\noise\sesa\gunshot\gunshot_012.wav,impulsive
data\raw\noise\sesa\gunshot\gunshot_013.wav,impulsive
data\raw\noise\sesa\gunshot\gunshot_014.wav,impulsive
data\raw\noise\sesa\gunshot\gunshot_015.wav,impulsive
data\raw\noise\sesa\gunshot\gunshot_016.wav,impulsive
data\raw\noise\sesa\gunshot\gunshot_017.wav,impulsive
data\raw\noise\sesa\gunshot\gunshot_018.wav,impulsive
data\raw\noise\sesa\gunshot\gunshot_019.wav,impulsive
data\raw\noise\sesa\gunshot\gunshot_020.wav,impulsive
data\raw\noise\sesa\gunshot\gunshot_021.wav,impulsive
data\raw\noise\sesa\gunshot\gunshot_022.wav,impulsive
data\raw\noise\sesa\gunshot\gunshot_023.wav,impulsive
data\raw\noise\sesa\gunshot\gunshot_024.wav,impulsive
data\raw\noise\sesa\gunshot\gunshot_025.wav,impulsive
data\raw\noise\sesa\gunshot\gunshot_026.wav,impulsive
data\raw\noise\sesa\gunshot\gunshot_027.wav,impulsive
data\raw\noise\sesa\gunshot\gunshot_028.wav,impulsive
data\raw\noise\sesa\gunshot\gunshot_029.wav,impulsive
data\raw\noise\sesa\gunshot\gunshot_030.wav,impulsive
data\raw\noise\sesa\gunshot\gunshot_031.wav,impulsive
data\raw\noise\sesa\gunshot\gunshot_032.wav,impulsive
data\raw\noise\sesa\gunshot\gunshot_033.wav,impulsive
data\raw\noise\sesa\gunshot\gunshot_034.wav,impulsive
data\raw\noise\sesa\gunshot\gunshot_035.wav,impulsive
data\raw\noise\sesa\gunshot\gunshot_036.wav,impulsive
data\raw\noise\sesa\gunshot\gunshot_037.wav,impulsive
data\raw\noise\sesa\gunshot\gunshot_038.wav,impulsive
data\raw\noise\sesa\gunshot\gunshot_039.wav,impulsive
data\raw\noise\sesa\gunshot\gunshot_040.wav,impulsive
data\raw\noise\sesa\gunshot\gunshot_041.wav,impulsive
data\raw\noise\sesa\gunshot\gunshot_042.wav,impulsive
data\raw\noise\sesa\gunshot\gunshot_043.wav,impulsive
data\raw\noise\sesa\gunshot\gunshot_044.wav,impulsive
data\raw\noise\sesa\gunshot\gunshot_045.wav,impulsive
data\raw\noise\sesa\gunshot\gunshot_046.wav,impulsive
data\raw\noise\sesa\gunshot\gunshot_047.wav,impulsive
data\raw\noise\sesa\gunshot\gunshot_048.wav,impulsive
data\raw\noise\sesa\gunshot\gunshot_049.wav,impulsive
data\raw\noise\sesa\gunshot\gunshot_050.wav,impulsive
data\raw\noise\sesa\gunshot\gunshot_051.wav,impulsive
data\raw\noise\sesa\gunshot\gunshot_052.wav,impulsive
data\raw\noise\sesa\gunshot\gunshot_053.wav,impulsive
data\raw\noise\sesa\gunshot\gunshot_054.wav,impulsive
data\raw\noise\sesa\gunshot\gunshot_055.wav,impulsive
data\raw\noise\sesa\gunshot\gunshot_056.wav,impulsive
data\raw\noise\sesa\gunshot\gunshot_057.wav,impulsive
data\raw\noise\sesa\gunshot\gunshot_058.wav,impulsive
data\raw\noise\sesa\gunshot\gunshot_059.wav,impulsive
data\raw\noise\sesa\gunshot\gunshot_060.wav,impulsive
data\raw\noise\sesa\gunshot\gunshot_061.wav,impulsive
data\raw\noise\sesa\gunshot\gunshot_062.wav,impulsive
data\raw\noise\sesa\gunshot\gunshot_063.wav,impulsive
data\raw\noise\sesa\gunshot\gunshot_064.wav,impulsive
data\raw\noise\sesa\gunshot\gunshot_065.wav,impulsive
data\raw\noise\sesa\gunshot\gunshot_066.wav,impulsive
data\raw\noise\sesa\gunshot\gunshot_067.wav,impulsive
data\raw\noise\sesa\gunshot\gunshot_068.wav,impulsive
data\raw\noise\sesa\gunshot\gunshot_069.wav,impulsive
data\raw\noise\sesa\gunshot\gunshot_070.wav,impulsive
data\raw\noise\sesa\gunshot\gunshot_071.wav,impulsive
data\raw\noise\sesa\gunshot\gunshot_072.wav,impulsive
data\raw\noise\sesa\gunshot\gunshot_073.wav,impulsive
data\raw\noise\sesa\gunshot\gunshot_074.wav,impulsive
data\raw\noise\sesa\gunshot\gunshot_075.wav,impulsive
data\raw\noise\sesa\gunshot\gunshot_076.wav,impulsive
data\raw\noise\sesa\gunshot\gunshot_077.wav,impulsive
data\raw\noise\sesa\gunshot\gunshot_078.wav,impulsive
data\raw\noise\sesa\gunshot\gunshot_079.wav,impulsive
data\raw\noise\sesa\gunshot\gunshot_080.wav,impulsive
data\raw\noise\sesa\gunshot\gunshot_081.wav,impulsive
data\raw\noise\sesa\gunshot\gunshot_082.wav,impulsive
data\raw\noise\sesa\gunshot\gunshot_083.wav,impulsive
data\raw\noise\sesa\gunshot\gunshot_084.wav,impulsive
data\raw\noise\sesa\gunshot\gunshot_085.wav,impulsive
data\raw\noise\sesa\gunshot\gunshot_086.wav,impulsive
data\raw\noise\sesa\gunshot\gunshot_087.wav,impulsive
data\raw\noise\sesa\gunshot\gunshot_088.wav,impulsive
data\raw\noise\sesa\gunshot\gunshot_089.wav,impulsive
data\raw\noise\sesa\gunshot\gunshot_090.wav,impulsive
data\raw\noise\sesa\gunshot\gunshot_091.wav,impulsive
data\raw\noise\sesa\gunshot\gunshot_092.wav,impulsive
data\raw\noise\sesa\gunshot\gunshot_093.wav,impulsive
data\raw\noise\sesa\gunshot\gunshot_094.wav,impulsive
data\raw\noise\sesa\gunshot\gunshot_095.wav,impulsive
data\raw\noise\sesa\gunshot\gunshot_096.wav,impulsive
data\raw\noise\sesa\gunshot\gunshot_097.wav,impulsive
data\raw\noise\sesa\gunshot\gunshot_098.wav,impulsive
data\raw\noise\sesa\gunshot\gunshot_100.wav,impulsive
data\raw\noise\sesa\siren\siren_000.wav,stationary
data\raw\noise\sesa\siren\siren_001.wav,stationary
data\raw\noise\sesa\siren\siren_002.wav,stationary
data\raw\noise\sesa\siren\siren_003.wav,stationary
data\raw\noise\sesa\siren\siren_004.wav,stationary
data\raw\noise\sesa\siren\siren_005.wav,stationary
data\raw\noise\sesa\siren\siren_006.wav,stationary
data\raw\noise\sesa\siren\siren_007.wav,stationary
data\raw\noise\sesa\siren\siren_008.wav,stationary
data\raw\noise\sesa\siren\siren_009.wav,stationary
data\raw\noise\sesa\siren\siren_010.wav,stationary
data\raw\noise\sesa\siren\siren_011.wav,stationary
data\raw\noise\sesa\siren\siren_012.wav,stationary
data\raw\noise\sesa\siren\siren_013.wav,stationary
data\raw\noise\sesa\siren\siren_014.wav,stationary
data\raw\noise\sesa\siren\siren_015.wav,stationary
data\raw\noise\sesa\siren\siren_016.wav,stationary
data\raw\noise\sesa\siren\siren_017.wav,stationary
data\raw\noise\sesa\siren\siren_018.wav,stationary
data\raw\noise\sesa\siren\siren_019.wav,stationary
data\raw\noise\sesa\siren\siren_020.wav,stationary
data\raw\noise\sesa\siren\siren_021.wav,stationary
data\raw\noise\sesa\siren\siren_022.wav,stationary
data\raw\noise\sesa\siren\siren_023.wav,stationary
data\raw\noise\sesa\siren\siren_024.wav,stationary
data\raw\noise\sesa\siren\siren_025.wav,stationary
data\raw\noise\sesa\siren\siren_026.wav,stationary
data\raw\noise\sesa\siren\siren_027.wav,stationary
data\raw\noise\sesa\siren\siren_028.wav,stationary
data\raw\noise\sesa\siren\siren_029.wav,stationary
data\raw\noise\sesa\siren\siren_030.wav,stationary
data\raw\noise\sesa\siren\siren_031.wav,stationary
data\raw\noise\sesa\siren\siren_032.wav,stationary
data\raw\noise\sesa\siren\siren_033.wav,stationary
data\raw\noise\sesa\siren\siren_034.wav,stationary
data\raw\noise\sesa\siren\siren_035.wav,stationary
data\raw\noise\sesa\siren\siren_036.wav,stationary
data\raw\noise\sesa\siren\siren_037.wav,stationary
data\raw\noise\sesa\siren\siren_038.wav,stationary
data\raw\noise\sesa\siren\siren_039.wav,stationary
data\raw\noise\sesa\siren\siren_040.wav,stationary
data\raw\noise\sesa\siren\siren_041.wav,stationary
data\raw\noise\sesa\siren\siren_042.wav,stationary
data\raw\noise\sesa\siren\siren_043.wav,stationary
data\raw\noise\sesa\siren\siren_044.wav,stationary
data\raw\noise\sesa\siren\siren_045.wav,stationary
data\raw\noise\sesa\siren\siren_046.wav,stationary
data\raw\noise\sesa\siren\siren_047.wav,stationary
data\raw\noise\sesa\siren\siren_048.wav,stationary
data\raw\noise\sesa\siren\siren_049.wav,stationary
data\raw\noise\sesa\siren\siren_050.wav,stationary
data\raw\noise\sesa\siren\siren_051.wav,stationary
data\raw\noise\sesa\siren\siren_052.wav,stationary
data\raw\noise\sesa\siren\siren_053.wav,stationary
data\raw\noise\sesa\siren\siren_054.wav,stationary
data\raw\noise\sesa\siren\siren_055.wav,stationary
data\raw\noise\sesa\siren\siren_056.wav,stationary
data\raw\noise\sesa\siren\siren_057.wav,stationary
data\raw\noise\sesa\siren\siren_058.wav,stationary
data\raw\noise\sesa\siren\siren_059.wav,stationary
data\raw\noise\sesa\siren\siren_060.wav,stationary
data\raw\noise\sesa\siren\siren_061.wav,stationary
data\raw\noise\sesa\siren\siren_062.wav,stationary
data\raw\noise\sesa\siren\siren_063.wav,stationary
data\raw\noise\sesa\siren\siren_064.wav,stationary
data\raw\noise\sesa\siren\siren_065.wav,stationary
data\raw\noise\sesa\siren\siren_066.wav,stationary
data\raw\noise\sesa\siren\siren_067.wav,stationary
data\raw\noise\sesa\siren\siren_068.wav,stationary
data\raw\noise\sesa\siren\siren_069.wav,stationary
data\raw\noise\sesa\siren\siren_070.wav,stationary
data\raw\noise\sesa\siren\siren_071.wav,stationary
data\raw\noise\sesa\siren\siren_072.wav,stationary
data\raw\noise\sesa\siren\siren_073.wav,stationary
data\raw\noise\sesa\siren\siren_074.wav,stationary
data\raw\noise\sesa\siren\siren_075.wav,stationary
data\raw\noise\sesa\siren\siren_076.wav,stationary
data\raw\noise\sesa\siren\siren_077.wav,stationary
data\raw\noise\sesa\siren\siren_078.wav,stationary
data\raw\noise\sesa\siren\siren_079.wav,stationary
data\raw\noise\sesa\siren\siren_080.wav,stationary
data\raw\noise\sesa\siren\siren_081.wav,stationary
data\raw\noise\sesa\siren\siren_082.wav,stationary
data\raw\noise\sesa\siren\siren_083.wav,stationary
data\raw\noise\sesa\siren\siren_084.wav,stationary
data\raw\noise\sesa\siren\siren_085.wav,stationary
data\raw\noise\sesa\siren\siren_086.wav,stationary
data\raw\noise\sesa\siren\siren_087.wav,stationary
data\raw\noise\sesa\siren\siren_088.wav,stationary
data\raw\noise\sesa\siren\siren_089.wav,stationary
data\raw\noise\sesa\siren\siren_090.wav,stationary
data\raw\noise\sesa\siren\siren_091.wav,stationary
data\raw\noise\sesa\siren\siren_092.wav,stationary
data\raw\noise\sesa\siren\siren_093.wav,stationary
data\raw\noise\sesa\siren\siren_094.wav,stationary
data\raw\noise\sesa\siren\siren_095.wav,stationary
data\raw\noise\sesa\siren\siren_096.wav,stationary
data\raw\noise\sesa\siren\siren_097.wav,stationary
data\raw\noise\sesa\siren\siren_098.wav,stationary
data\raw\noise\sesa\siren\siren_099.wav,stationary
data\raw\noise\sesa\siren\siren_100.wav,stationary
data\raw\noise\sesa\siren\siren_101.wav,stationary
data\raw\noise\sesa\siren\siren_102.wav,stationary
data\raw\noise\sesa\siren\siren_103.wav,stationary
data\raw\noise\sesa\siren\siren_104.wav,stationary
data\raw\noise\sesa\siren\siren_105.wav,stationary
